"","baseMean","log2FoldChange","lfcSE","stat","pvalue","padj","gene_id","gene_symbol"
"ENSG00000267701",284.352774440376,-8.95107460652847,0.971832781342284,-9.21050902827681,3.2458200460741e-20,6.32675243380764e-16,"ENSG00000267701",NA
"ENSG00000244720",229.357970320436,-8.6408165051609,0.946003161735525,-9.13402497440767,6.59988003889842e-20,6.4322430859104e-16,"ENSG00000244720",NA
"ENSG00000233154",684.961021698907,-10.2174267383573,1.20125363793877,-8.50563645816665,1.80602057160553e-17,1.17343176605783e-13,"ENSG00000233154","LINC01762"
"ENSG00000205846",595.963133919405,-9.83078852519201,1.17027821483529,-8.40038582327676,4.45014051062852e-17,2.16855347082928e-13,"ENSG00000205846","CLEC6A"
"ENSG00000245928",1235.91725373028,-10.9125362588595,1.30988972537055,-8.33088163644657,8.02425256423248e-17,3.12817461964039e-13,"ENSG00000245928","SDAD1-AS1"
"ENSG00000232458",1531.44507676972,-11.2154913557136,1.35806909476587,-8.2584099726142,1.47625747337863e-16,4.79586844518271e-13,"ENSG00000232458","LINC01450"
"ENSG00000143228",648.98617985879,-9.82875596514515,1.20213255238905,-8.17610000295892,2.93178695051258e-16,8.16377017705587e-13,"ENSG00000143228","NUF2"
"ENSG00000227973",675.191006193698,-10.1959942393844,1.25228340479546,-8.14192234788078,3.89050752124433e-16,9.32054615516758e-13,"ENSG00000227973",NA
"ENSG00000260591",864.041451205872,-10.5515483033524,1.29790137785669,-8.12969959302829,4.30355609462899e-16,9.32054615516758e-13,"ENSG00000260591",NA
"ENSG00000237276",669.58751018377,-10.1839396678811,1.25634974323468,-8.10597504613715,5.23241842438371e-16,1.01990299928087e-12,"ENSG00000237276",NA
"ENSG00000233346",649.674376123448,-9.78632118316277,1.20995800377138,-8.08814946689,6.05780398850422e-16,1.07344286676295e-12,"ENSG00000233346",NA
"ENSG00000231169",532.186746896738,-9.69142915909294,1.20333822036979,-8.05378653735004,8.02711655444571e-16,1.11259016698933e-12,"ENSG00000231169",NA
"ENSG00000228007",709.465497182997,-10.2671938505616,1.27694527617682,-8.04043371482733,8.95210461601557e-16,1.11259016698933e-12,"ENSG00000228007",NA
"ENSG00000261600",645.546537866875,-9.99178568917951,1.24634091139098,-8.01689617813167,1.08450713999576e-15,1.11259016698933e-12,"ENSG00000261600","LOC124906033"
"ENSG00000267475",653.641877201156,-9.96213697901586,1.23530085460423,-8.06454309643264,7.35102712476293e-16,1.11259016698933e-12,"ENSG00000267475",NA
"ENSG00000073598",796.410401816877,-10.2725460501612,1.28054715029281,-8.02199750927745,1.04039251473349e-15,1.11259016698933e-12,"ENSG00000073598","FNDC8"
"ENSG00000188833",670.192821609161,-9.88912425731541,1.22654166853135,-8.06260766432547,7.4683918954271e-16,1.11259016698933e-12,"ENSG00000188833","ENTPD8"
"ENSG00000156234",570.418693366401,-9.79138914649866,1.21977523588374,-8.02720768421297,9.97161993347866e-16,1.11259016698933e-12,"ENSG00000156234","CXCL13"
"ENSG00000258831",627.419165597684,-9.5527559462673,1.18848765945742,-8.03774096453678,9.15098226667615e-16,1.11259016698933e-12,"ENSG00000258831",NA
"ENSG00000204020",618.426002581155,-9.71489892514217,1.21415661580561,-8.00135567246917,1.23056768401707e-15,1.18765806715429e-12,"ENSG00000204020","LIPN"
"ENSG00000185955",613.369095604191,-10.0571944956215,1.25851635083942,-7.99131015573493,1.33512193424532e-15,1.18765806715429e-12,"ENSG00000185955","SPACDR"
"ENSG00000259209",484.950469546905,-9.71843343341098,1.21620019322806,-7.99081720881508,1.34047185909062e-15,1.18765806715429e-12,"ENSG00000259209",NA
"ENSG00000245311",633.131961095428,-9.83569238814028,1.23419787849186,-7.96929938022506,1.59576453345488e-15,1.35237575156967e-12,"ENSG00000245311","BMAL2-AS1"
"ENSG00000226352",501.706199905513,-9.76735071184765,1.22711097735847,-7.95963111084967,1.72552941301346e-15,1.40141747160243e-12,"ENSG00000226352",NA
"ENSG00000249341",584.179224956488,-9.8474960625915,1.2380634383615,-7.95395111224997,1.80655438412013e-15,1.40853432221078e-12,"ENSG00000249341","LOC100506444"
"ENSG00000116219",471.995264506008,-9.53966466699142,1.20361144870928,-7.92586733635799,2.26559366293342e-15,1.69849814145762e-12,"ENSG00000116219",NA
"ENSG00000105509",1075.26601830537,-10.4452585160104,1.31970298796441,-7.91485554800615,2.47540329404337e-15,1.78705781509235e-12,"ENSG00000105509","HAS1"
"ENSG00000212864",700.685788237732,-9.95301116508537,1.25853629210091,-7.90840218717137,2.60713368033736e-15,1.81493748918342e-12,"ENSG00000212864","RNF208"
"ENSG00000226074",517.020903531639,-9.66967892901496,1.22436388722278,-7.89771654483267,2.84059227830358e-15,1.84562748962312e-12,"ENSG00000226074",NA
"ENSG00000233597",486.852306286518,-9.56268914147886,1.21019632762507,-7.90176678212615,2.74977556740277e-15,1.84562748962312e-12,"ENSG00000233597","RPL19P6"
"ENSG00000226686",334.196488367722,-8.89926070909142,1.12757746429919,-7.89237191311062,2.96496576036208e-15,1.86429395487025e-12,"ENSG00000226686","LINC01535"
"ENSG00000231864",469.666318228209,-9.67198483331416,1.22798130776598,-7.87632903868057,3.37139686522053e-15,1.94353517498399e-12,"ENSG00000231864",NA
"ENSG00000232490",358.5287619419,-9.28253734849407,1.1786396016082,-7.87563673902396,3.39011881538353e-15,1.94353517498399e-12,"ENSG00000232490","OSBPL10-AS1"
"ENSG00000170369",441.792342532094,-9.42814224929356,1.1964183477708,-7.88030563628546,3.26581255061089e-15,1.94353517498399e-12,"ENSG00000170369","CST2"
"ENSG00000259479",517.114401341633,-9.32779086749748,1.18577866333562,-7.86638447453441,3.65037508205193e-15,1.99639933674251e-12,"ENSG00000259479",NA
"ENSG00000263167",776.615409149468,-9.94513880599065,1.26445971972711,-7.86512899607188,3.68717300034528e-15,1.99639933674251e-12,"ENSG00000263167",NA
"ENSG00000236890",505.912664215921,-9.63979608561958,1.22774011069264,-7.85165850790785,4.10571171102584e-15,2.16293331544096e-12,"ENSG00000236890",NA
"ENSG00000267741",519.63628936947,-9.4121745648821,1.20188112974781,-7.83120254734096,4.83225449583669e-15,2.47273721848394e-12,"ENSG00000267741",NA
"ENSG00000234911",417.877765948577,-9.21671763125187,1.1773679277999,-7.82823908620886,4.94750418227342e-15,2.47273721848394e-12,"ENSG00000234911",NA
"ENSG00000073734",453.606715126978,-9.17962526648409,1.17314817980227,-7.82477902154807,5.08549406801927e-15,2.47816125934579e-12,"ENSG00000073734","ABCB11"
"ENSG00000188765",492.421727834629,-9.34249438633431,1.1945957555821,-7.82063249654017,5.25585786030307e-15,2.49871174178116e-12,"ENSG00000188765",NA
"ENSG00000145965",561.061535007635,-9.50451953850559,1.21619683211627,-7.81495173110015,5.49840961131144e-15,2.55178571770673e-12,"ENSG00000145965",NA
"ENSG00000129170",354.983955959632,-8.99120530079225,1.15175084679083,-7.80655410486112,5.87727458107267e-15,2.66418223568066e-12,"ENSG00000129170","CSRP3"
"ENSG00000206739",423.844667529059,-9.52375661161102,1.2213588144697,-7.79767296782982,6.3059172270043e-15,2.7935213315629e-12,"ENSG00000206739",NA
"ENSG00000244116",365.665204837698,-9.31082670439057,1.19468257901908,-7.79355693964788,6.51487028968507e-15,2.82195225970092e-12,"ENSG00000244116","IGKV2-28"
"ENSG00000214184",350.46600306204,-9.09383483403908,1.16754168267122,-7.7888738098269,6.76090871969928e-15,2.86486158183431e-12,"ENSG00000214184","GCC2-AS1"
"ENSG00000258230",430.597437695252,-9.54655375861292,1.22919705479058,-7.76649579610273,8.06872563523371e-15,3.34628936344629e-12,"ENSG00000258230",NA
"ENSG00000240194",366.862439451295,-9.17559819031602,1.18385716065485,-7.75059567595175,9.14624760195224e-15,3.71413871369277e-12,"ENSG00000240194","CYMP"
"ENSG00000258862",514.624141778011,-9.64800999718311,1.24589646457139,-7.7438296612409,9.64662259057884e-15,3.8373870925625e-12,"ENSG00000258862",NA
"ENSG00000264652",342.847296525956,-9.21766721294059,1.19266945561244,-7.72860172578773,1.08734276383407e-14,4.23889703053074e-12,"ENSG00000264652",NA
"ENSG00000236997",473.238426191193,-9.40008491600994,1.21911076531339,-7.71060775071862,1.25219979229064e-14,4.35854970559449e-12,"ENSG00000236997",NA
"ENSG00000257096",318.81472877763,-8.95164635523802,1.1601753356186,-7.71577026369467,1.20253749470312e-14,4.35854970559449e-12,"ENSG00000257096",NA
"ENSG00000240823",345.321037675609,-9.06678852090419,1.17521442480402,-7.71500785689912,1.20974780637131e-14,4.35854970559449e-12,"ENSG00000240823","RN7SL23P"
"ENSG00000237512",477.960141232257,-9.2453940348185,1.19901092370479,-7.71085054525729,1.24981958309089e-14,4.35854970559449e-12,"ENSG00000237512","UNC5B-AS1"
"ENSG00000223549",414.903248819269,-9.4928476250323,1.2306999984821,-7.71337258205932,1.2253568737124e-14,4.35854970559449e-12,"ENSG00000223549","MTND5P28"
"ENSG00000230613",334.005189742158,-9.17992570152909,1.18952083217357,-7.71733075473334,1.18791105910337e-14,4.35854970559449e-12,"ENSG00000230613","HM13-AS1"
"ENSG00000230718",354.480728931574,-9.11011419149768,1.18232637442584,-7.7052448364114,1.30592668198104e-14,4.42904740958595e-12,"ENSG00000230718",NA
"ENSG00000253299",322.381544941371,-8.98888991325476,1.16677014671144,-7.70407945265834,1.31789836730959e-14,4.42904740958595e-12,"ENSG00000253299",NA
"ENSG00000231292",743.606812064843,-9.70901591182199,1.26081901056388,-7.70056275363411,1.35468290512036e-14,4.47550494688237e-12,"ENSG00000231292",NA
"ENSG00000223916",397.671831526923,-9.07831097419735,1.18060968397247,-7.68951084972557,1.47698610696553e-14,4.79823553282868e-12,"ENSG00000223916","RPL18AP9"
"ENSG00000244158",353.798013317658,-9.11247947880343,1.18912700566131,-7.66316754679683,1.81402442584381e-14,5.61253398548374e-12,"ENSG00000244158",NA
"ENSG00000226920",417.958005312987,-9.17307868000337,1.19680583878265,-7.66463396379645,1.79341930274446e-14,5.61253398548374e-12,"ENSG00000226920",NA
"ENSG00000182625",721.065505683949,-9.83749369736178,1.28340296269291,-7.66516361838543,1.78603369149447e-14,5.61253398548374e-12,"ENSG00000182625",NA
"ENSG00000224459",421.774187664699,-9.51640607294699,1.2434155969402,-7.6534395228474,1.95673684172251e-14,5.95948664357113e-12,"ENSG00000224459",NA
"ENSG00000232453",369.749915593728,-9.1401199002108,1.19541876857293,-7.64595649700409,2.07397783130667e-14,6.21938090581995e-12,"ENSG00000232453","LINC02777"
"ENSG00000256720",497.428464963444,-9.59879458141877,1.2558654642438,-7.64317106784888,2.11936106626872e-14,6.25917968238028e-12,"ENSG00000256720",NA
"ENSG00000256813",368.222062617375,-9.13411871500643,1.1968756013918,-7.63163582279122,2.31793454884548e-14,6.74345973523824e-12,"ENSG00000256813","CCDC86-AS1"
"ENSG00000235619",431.754440213252,-9.36315470125225,1.22764273575915,-7.62693773075783,2.40395634210212e-14,6.89087015003743e-12,"ENSG00000235619",NA
"ENSG00000224001",298.260803015749,-8.83065146053513,1.15851775734806,-7.62237039918076,2.49059134628636e-14,6.93522950311624e-12,"ENSG00000224001",NA
"ENSG00000225698",422.192696042293,-9.18738047933859,1.20512858865655,-7.62356860986968,2.46757048807711e-14,6.93522950311624e-12,"ENSG00000225698","IGHV3-72"
"ENSG00000237798",319.751227532728,-9.11678839778663,1.196950270891,-7.61668100964645,2.60281500991287e-14,7.14564368636926e-12,"ENSG00000237798","WIPF1-AS1"
"ENSG00000250041",252.050232629077,-8.6227669933671,1.13275394592856,-7.61221536624064,2.69437093553421e-14,7.29426087158789e-12,"ENSG00000250041","LOC124902629"
"ENSG00000237243",383.765252034674,-9.06837102446965,1.19163851859913,-7.61000159270636,2.74092544962534e-14,7.31864641973933e-12,"ENSG00000237243","CREB3L2-AS1"
"ENSG00000256039",320.574228216805,-9.12053172388865,1.19907955185546,-7.60627742319138,2.82103405759284e-14,7.43075619602698e-12,"ENSG00000256039","LINC02446"
"ENSG00000217643",438.929184104725,-9.41820904472738,1.23997392091612,-7.59548961946633,3.06630813962286e-14,7.86975044520654e-12,"ENSG00000217643",NA
"ENSG00000250892",302.778954848428,-8.89809541213702,1.17151118182106,-7.5953994722486,3.06844363757284e-14,7.86975044520654e-12,"ENSG00000250892","LOC100288172"
"ENSG00000267587",308.341524392232,-9.06433405578958,1.19425316166656,-7.5899602753745,3.20003578705763e-14,8.01519534211959e-12,"ENSG00000267587",NA
"ENSG00000230288",247.505058279813,-8.45852768499916,1.11448005793757,-7.58966266354941,3.20739399079278e-14,8.01519534211959e-12,"ENSG00000230288",NA
"ENSG00000242398",345.762091069221,-8.96156011420466,1.18435604350032,-7.56660985806185,3.83090222616775e-14,9.4521450876534e-12,"ENSG00000242398","RN7SL800P"
"ENSG00000226878",237.788262591747,-8.50405335441775,1.1273158801955,-7.54362952196057,4.57068435715033e-14,1.11364724361968e-11,"ENSG00000226878",NA
"ENSG00000224412",329.619545032474,-8.63515969128992,1.14627838468003,-7.53321340321734,4.95066021722953e-14,1.19133665375603e-11,"ENSG00000224412",NA
"ENSG00000259563",355.471017364001,-9.11373773075637,1.2102562310747,-7.53042000260015,5.05773701977504e-14,1.20226109743238e-11,"ENSG00000259563",NA
"ENSG00000224002",300.117286043133,-8.69536549236868,1.15685447243716,-7.51638663249496,5.63108652250257e-14,1.32242335538097e-11,"ENSG00000224002",NA
"ENSG00000252391",393.718641216337,-8.99286561752802,1.19676724732221,-7.51429790349775,5.7217161412845e-14,1.3277106074514e-11,"ENSG00000252391","RNU6-638P"
"ENSG00000228166",330.388327187442,-9.02404903586717,1.20213352688157,-7.50669441794563,6.06390537277588e-14,1.39056051207232e-11,"ENSG00000228166","MTND1P11"
"ENSG00000207427",482.989244217792,-9.09459797364463,1.21259431206454,-7.50011597709079,6.37613929259926e-14,1.44515938478308e-11,"ENSG00000207427",NA
"ENSG00000239195",338.714377357723,-9.05999652665707,1.20980961546926,-7.48877873907699,6.95174188757397e-14,1.53917648165895e-11,"ENSG00000239195","SNORD5"
"ENSG00000182566",287.665332890605,-8.82249364238034,1.17832001118247,-7.48734941158027,7.02784254399993e-14,1.53917648165895e-11,"ENSG00000182566","CLEC4G"
"ENSG00000260919",243.411523357429,-8.33585965887748,1.11300639609972,-7.48949843243368,6.91373099715464e-14,1.53917648165895e-11,"ENSG00000260919",NA
"ENSG00000213700",408.088853305135,-8.68078077446336,1.16041414269398,-7.48076092412172,7.3893498920373e-14,1.6003689788399e-11,"ENSG00000213700","RPL17P50"
"ENSG00000252473",267.997253852604,-8.59113015040098,1.14937160306977,-7.47463233601353,7.74200016686845e-14,1.65831942035824e-11,"ENSG00000252473",NA
"ENSG00000227911",366.062659896919,-8.80018768112237,1.17772788207042,-7.47217401837494,7.88805957821611e-14,1.67123975324553e-11,"ENSG00000227911",NA
"ENSG00000262251",910.691233669685,-10.3622018630012,1.38758723095883,-7.46778410164586,8.15565082893848e-14,1.70935425760934e-11,"ENSG00000262251",NA
"ENSG00000188801",261.107943919595,-8.82402457967469,1.18239751009101,-7.46282405398124,8.4687402736967e-14,1.72864878100959e-11,"ENSG00000188801",NA
"ENSG00000243077",237.832508967995,-8.53347265384156,1.14343168441937,-7.46303672542959,8.45507677086138e-14,1.72864878100959e-11,"ENSG00000243077",NA
"ENSG00000233330",297.97974443077,-8.82850853401215,1.18310907012648,-7.46212564583615,8.51376374804643e-14,1.72864878100959e-11,"ENSG00000233330",NA
"ENSG00000089116",320.398813446532,-8.60149512534197,1.15346278671683,-7.45710674362101,8.8443050579894e-14,1.77724942464257e-11,"ENSG00000089116","LHX5"
"ENSG00000267063",302.679547518353,-8.73572905622719,1.17176843717987,-7.4551667198442,8.97542614946525e-14,1.78266973894866e-11,"ENSG00000267063",NA
"ENSG00000249799",358.081022010613,-8.98354273897093,1.20519520339401,-7.45401468050314,9.05419167637583e-14,1.78266973894866e-11,"ENSG00000249799",NA
"ENSG00000235192",1340.70404254388,-10.7651552012327,1.44637947573491,-7.44282906514759,9.85515756141059e-14,1.91874293934053e-11,"ENSG00000235192",NA
"ENSG00000259719",305.706994287174,-8.72677960425324,1.17269133708688,-7.44166800611975,9.94218329947636e-14,1.91874293934053e-11,"ENSG00000259719","LINC02284"
"ENSG00000256721",303.243761735421,-8.70991453757207,1.17090032004364,-7.43864732844848,1.01721486754312e-13,1.94387766648535e-11,"ENSG00000256721",NA
"ENSG00000230836",368.047133647738,-8.7974103860105,1.18446644598058,-7.4273192084622,1.10820698657852e-13,2.09720102741636e-11,"ENSG00000230836",NA
"ENSG00000234740",211.968389831082,-8.52289263009198,1.14916277673469,-7.41661042512145,1.20155706244605e-13,2.25199521742292e-11,"ENSG00000234740",NA
"ENSG00000241671",315.618562513094,-8.80948234401904,1.18928191944724,-7.40739617744592,1.28803247588263e-13,2.39107895427659e-11,"ENSG00000241671","KIAA1328P1"
"ENSG00000237422",286.923443804876,-8.67957822763704,1.17399148275338,-7.39322078153472,1.4331421664096e-13,2.63535916109962e-11,"ENSG00000237422",NA
"ENSG00000250709",519.928626060166,-9.43543124917281,1.27925812047055,-7.37570557355709,1.63476934252172e-13,2.97803028265732e-11,"ENSG00000250709","CCDC169-SOHLH2"
"ENSG00000236937",285.885892812435,-8.81350460576381,1.19677959216767,-7.36435068198339,1.78011177996215e-13,3.18950268228024e-11,"ENSG00000236937","PTGES3P4"
"ENSG00000248714",267.092484394974,-8.71663761977175,1.18366785409289,-7.36409085507503,1.78358194320001e-13,3.18950268228024e-11,"ENSG00000248714","ZNF652-AS1"
"ENSG00000223787",318.189925031144,-8.83988250433324,1.2026274911069,-7.35047433199533,1.97504706750279e-13,3.49978340361494e-11,"ENSG00000223787",NA
"ENSG00000206625",231.341700261342,-8.64902787296032,1.17722602477773,-7.34695605679747,2.0277149357035e-13,3.56074049790384e-11,"ENSG00000206625","RNU6-1"
"ENSG00000213149",233.224711065894,-8.66073604836654,1.18034392874588,-7.33746820519388,2.17672085155179e-13,3.78827168200425e-11,"ENSG00000213149",NA
"ENSG00000260988",351.667901574185,-8.92281976015586,1.2167394496469,-7.33338576532986,2.24409772366309e-13,3.87096927695938e-11,"ENSG00000260988",NA
"ENSG00000228917",781.592039998273,-10.139973520329,1.38371757739985,-7.32806584663256,2.33497996770524e-13,3.96372782605914e-11,"ENSG00000228917",NA
"ENSG00000250930",261.32188930977,-8.51467724401518,1.16195936168946,-7.32786147670007,2.33854247894932e-13,3.96372782605914e-11,"ENSG00000250930","LNX1-AS1"
"ENSG00000226754",730.3487004557,-10.1522629975294,1.38839677366996,-7.31222024572546,2.62763944078504e-13,4.41534034308466e-11,"ENSG00000226754","MAGOH-DT"
"ENSG00000099822",909.651953139865,-10.1974686410706,1.3967435305601,-7.30088840073697,2.85873793220432e-13,4.76260852773732e-11,"ENSG00000099822","HCN2"
"ENSG00000258172",209.624750222144,-8.5065419164657,1.16655447915107,-7.29202284890813,3.05335361742131e-13,5.04372616193019e-11,"ENSG00000258172",NA
"ENSG00000243193",681.797374998491,-10.2085087469654,1.40076913450421,-7.28778818400978,3.15084819821844e-13,5.1610363932499e-11,"ENSG00000243193",NA
"ENSG00000266910",272.688502828955,-8.58986348113911,1.17912308427059,-7.28495913253435,3.21767827105649e-13,5.22658207161942e-11,"ENSG00000266910",NA
"ENSG00000263644",934.952058720604,-10.3853460680906,1.42689039657258,-7.27830679429647,3.38035905151962e-13,5.44545112662978e-11,"ENSG00000263644",NA
"ENSG00000239920",277.963449988556,-8.36712068384139,1.1502638671982,-7.27408807878309,3.48768382551793e-13,5.57228960057341e-11,"ENSG00000239920",NA
"ENSG00000231384",677.89260115118,-10.0476495564802,1.38323539303385,-7.26387540911793,3.76154502266415e-13,5.96097850258289e-11,"ENSG00000231384","NAP1L5P1"
"ENSG00000265802",263.555486884452,-8.34367031753185,1.15046492566969,-7.25243345656536,4.09349374864739e-13,6.43470807650281e-11,"ENSG00000265802","RN7SL49P"
"ENSG00000240671",404.65819852017,-8.8876550318487,1.22565747419399,-7.25133670619794,4.12678352792287e-13,6.43514116210181e-11,"ENSG00000240671","IGKV1-8"
"ENSG00000265073",232.299026994186,-8.27085030041167,1.14384334041126,-7.23075442956895,4.80318203784789e-13,7.43044637156596e-11,"ENSG00000265073",NA
"ENSG00000241319",361.285290012313,-8.64802465463282,1.19759138746155,-7.2211814022506,5.15378476011132e-13,7.9100450822118e-11,"ENSG00000241319","SETP6"
"ENSG00000229228",896.819280528005,-10.3108303249467,1.4317910986174,-7.20135104548649,5.96188332551732e-13,9.07883045163934e-11,"ENSG00000229228",NA
"ENSG00000258857",920.76408578432,-10.201345817593,1.41956428492353,-7.18625139131514,6.65943792659507e-13,1.0062462330635e-10,"ENSG00000258857",NA
"ENSG00000254024",383.297584349748,-8.7175375965796,1.21505463160135,-7.17460546205278,7.25160040627725e-13,1.08729380860889e-10,"ENSG00000254024","GRHL2-DT"
"ENSG00000188032",174.857711963815,-8.08296854521654,1.1278141869951,-7.16693284977421,7.66966273124105e-13,1.14119897677367e-10,"ENSG00000188032","C19orf67"
"ENSG00000166664",471.88142851559,-9.67747022009139,1.35057983199908,-7.16541887477111,7.75490693009464e-13,1.14514125667731e-10,"ENSG00000166664","CHRFAM7A"
"ENSG00000228577",233.958795667576,-8.25357513026167,1.15286000410031,-7.15921716505619,8.11390634779655e-13,1.18914483106203e-10,"ENSG00000228577",NA
"ENSG00000109205",500.138443323456,-9.43450904423515,1.32211934295825,-7.1358982035051,9.61571558661594e-13,1.39872782249491e-10,"ENSG00000109205","ODAM"
"ENSG00000197272",890.685528093554,-9.89143794611164,1.38658424483132,-7.13367253593376,9.77256731020821e-13,1.4110139408191e-10,"ENSG00000197272","IL27"
"ENSG00000230082",209.503312432711,-8.18028008122842,1.15325077796358,-7.09323612655458,1.31011635152809e-12,1.87770499441071e-10,"ENSG00000230082","PRRT3-AS1"
"ENSG00000164266",462.151686733512,-9.64729688392893,1.36049534897951,-7.09101790841494,1.33129114078715e-12,1.89412605227905e-10,"ENSG00000164266","SPINK1"
"ENSG00000243536",1231.45201836665,-10.3468934105282,1.45974803147266,-7.08813657387829,1.35929794931967e-12,1.91995910348833e-10,"ENSG00000243536",NA
"ENSG00000235664",469.473665765399,-9.5312866648098,1.34694020649342,-7.07625076366475,1.48106755622032e-12,2.07690423063644e-10,"ENSG00000235664",NA
"ENSG00000204338",599.903688389787,-9.63541981161939,1.36335220817717,-7.06744724791412,1.57809705125738e-12,2.19716198022206e-10,"ENSG00000204338",NA
"ENSG00000248216",461.365028446938,-9.64476946310586,1.36643023160004,-7.05836949451287,1.68467610675343e-12,2.32891536686794e-10,"ENSG00000248216",NA
"ENSG00000231393",396.663455317396,-9.42674384529789,1.33782779542821,-7.04630586799893,1.83730153409428e-12,2.52201982412434e-10,"ENSG00000231393",NA
"ENSG00000250129",460.178801958525,-9.64103484439504,1.36854951766012,-7.04471027170345,1.85847799989049e-12,2.53324847369688e-10,"ENSG00000250129",NA
"ENSG00000251603",350.834620790693,-9.24956035718277,1.31368566524146,-7.04092356483367,1.90969750763389e-12,2.58498776519443e-10,"ENSG00000251603",NA
"ENSG00000251451",1377.96015434776,-11.0853060971397,1.57718604125497,-7.02853424211076,2.08714407024126e-12,2.8056973942857e-10,"ENSG00000251451","GTF2IP9"
"ENSG00000258568",185.634024402994,-8.02336430927508,1.14276612470915,-7.02100292946393,2.20281236068871e-12,2.94090537907838e-10,"ENSG00000258568",NA
"ENSG00000256427",395.081225987705,-9.26834981356433,1.32064274836716,-7.01805982353947,2.2497022594272e-12,2.98307458780646e-10,"ENSG00000256427",NA
"ENSG00000253973",531.046276474164,-9.29205775784562,1.3243788102526,-7.01616311429306,2.28043813997536e-12,3.00339866381079e-10,"ENSG00000253973","NRIP3-DT"
"ENSG00000239602",447.996218097771,-9.60225995185976,1.36884161237964,-7.01488022063188,2.30146034236281e-12,3.01074261700241e-10,"ENSG00000239602",NA
"ENSG00000095464",337.561365672947,-9.05477618729739,1.29326948088755,-7.00146127401322,2.53306451270759e-12,3.28349823958176e-10,"ENSG00000095464","PDE6C"
"ENSG00000215367",489.008264248366,-9.26120937438583,1.32286415390961,-7.00087710972825,2.54364987777984e-12,3.28349823958176e-10,"ENSG00000215367",NA
"ENSG00000167664",370.064542162225,-9.18602634205839,1.31638692570402,-6.97821146859658,2.9896143743463e-12,3.83378706478672e-10,"ENSG00000167664","TMIGD2"
"ENSG00000196774",165.384350588851,-8.00753121806887,1.14849244753375,-6.97221060117905,3.11999014194306e-12,3.9748266566506e-10,"ENSG00000196774",NA
"ENSG00000211951",674.408959717885,-9.50500209311902,1.36570686631831,-6.95976737580789,3.408350626351e-12,4.31399807849569e-10,"ENSG00000211951","IGHV2-26"
"ENSG00000199631",489.006552691343,-9.31367897700394,1.34031825175903,-6.94885633675485,3.682593201791e-12,4.63103914124582e-10,"ENSG00000199631","SNORD33"
"ENSG00000168509",421.88305815031,-9.37681769835499,1.35065571657199,-6.9424188439032,3.85442390747475e-12,4.81605325669858e-10,"ENSG00000168509","HJV"
"ENSG00000163364",463.00319459135,-9.48795279284528,1.36782541985995,-6.93652322517647,4.0186720623504e-12,4.98929655027606e-10,"ENSG00000163364","LINC01116"
"ENSG00000227527",445.197904538133,-9.15291921339664,1.32523348233714,-6.90664651579347,4.96244384105929e-12,6.12202249050175e-10,"ENSG00000227527",NA
"ENSG00000203417",915.237347751688,-10.6324901299504,1.53995395682298,-6.90442079962306,5.04086710278629e-12,6.17965921808241e-10,"ENSG00000203417",NA
"ENSG00000249302",456.136586034669,-9.31493096541515,1.34944094837264,-6.90280740083405,5.09847352190584e-12,6.21121536806179e-10,"ENSG00000249302",NA
"ENSG00000257718",359.07237780206,-9.14233736576644,1.33226561712362,-6.86224822457315,6.7785142199581e-12,8.20663348915673e-10,"ENSG00000257718",NA
"ENSG00000256393",609.157030709937,-9.53357918807574,1.3899854998155,-6.85876161250686,6.94600356510369e-12,8.33314343770362e-10,"ENSG00000256393",NA
"ENSG00000229472",293.807377142894,-8.99318070781641,1.31128436559984,-6.85829934661239,6.96851210930479e-12,8.33314343770362e-10,"ENSG00000229472",NA
"ENSG00000164400",327.263903597176,-9.00986923639414,1.31531548793515,-6.84996817800592,7.38664180078826e-12,8.77929402322956e-10,"ENSG00000164400","CSF2"
"ENSG00000227477",414.827464727508,-9.33532147032384,1.36558898657371,-6.83611361991599,8.13704162449705e-12,9.61255850573918e-10,"ENSG00000227477","STK4-DT"
"ENSG00000242522",346.713571442477,-9.23206382759409,1.35506241399364,-6.81301741695083,9.55725650953562e-12,1.1222291800233e-09,"ENSG00000242522","KLHL6-AS1"
"ENSG00000240589",342.513986441138,-8.94648367771749,1.31451474609461,-6.80592112359124,1.00404715000738e-11,1.17190940406849e-09,"ENSG00000240589","RN7SL258P"
"ENSG00000177238",241.624226399077,-8.71062476305729,1.28811833500162,-6.76228613968634,1.35831096630858e-11,1.57596412829088e-09,"ENSG00000177238","TRIM72"
"ENSG00000265136",294.940741639879,-8.72440684342484,1.29180248099682,-6.75366936645967,1.44152049640844e-11,1.66261050390493e-09,"ENSG00000265136",NA
"ENSG00000249489",244.068568259936,-8.72509853667615,1.29364773782083,-6.74457062892077,1.53480216783086e-11,1.75978610913877e-09,"ENSG00000249489",NA
"ENSG00000255067",343.846748260518,-8.92364835665124,1.32598063362541,-6.72984818206038,1.69840202831419e-11,1.93597966876609e-09,"ENSG00000255067",NA
"ENSG00000244357",660.764597396277,-9.41989848782418,1.40029949943879,-6.72705981227547,1.73125589795049e-11,1.96195581179366e-09,"ENSG00000244357","RN7SL145P"
"ENSG00000213793",737.541138238154,-10.1299646079519,1.51326227311182,-6.69412354219406,2.16968063917862e-11,2.43054109303848e-09,"ENSG00000213793","ZNF888"
"ENSG00000146453",267.647312750399,-8.57202046825467,1.28048643658646,-6.69434694763817,2.16636886192153e-11,2.43054109303848e-09,"ENSG00000146453","PNLDC1"
"ENSG00000103154",312.343037305331,-8.5244428025118,1.27400293154173,-6.69107000577773,2.21544640283847e-11,2.46762750195014e-09,"ENSG00000103154","NECAB2"
"ENSG00000229463",305.246102728425,-8.60805999468364,1.28717471294247,-6.6875614538804,2.26919932489722e-11,2.51313825232367e-09,"ENSG00000229463",NA
"ENSG00000142513",221.139224118749,-8.44162912327215,1.26375352538061,-6.67980658707141,2.39257804825887e-11,2.63480967890746e-09,"ENSG00000142513","ACP4"
"ENSG00000176268",324.254665809366,-8.94626828466703,1.34011144494637,-6.67576440631401,2.4594680239678e-11,2.69056637227482e-09,"ENSG00000176268",NA
"ENSG00000255092",239.982662073143,-8.70060047169016,1.30344329481072,-6.67508936240576,2.47081561993225e-11,2.69056637227482e-09,"ENSG00000255092",NA
"ENSG00000225318",248.22652857241,-8.45252497926958,1.26654005916912,-6.67371309582948,2.49410987291415e-11,2.70084386904681e-09,"ENSG00000225318",NA
"ENSG00000248491",234.832590240275,-8.3778270705587,1.25593868303214,-6.6705701351061,2.54811564732702e-11,2.74408122639217e-09,"ENSG00000248491",NA
"ENSG00000262339",644.076598889417,-10.1252919326599,1.51840923688704,-6.66835506969004,2.58686328510888e-11,2.7684963442202e-09,"ENSG00000262339",NA
"ENSG00000048462",332.550846522541,-8.71840980297408,1.30756723268693,-6.6676569931005,2.59919367428841e-11,2.7684963442202e-09,"ENSG00000048462","TNFRSF17"
"ENSG00000255910",277.768552706585,-8.57944305404219,1.29320982871135,-6.63422351389906,3.26215194866749e-11,3.45575357518623e-09,"ENSG00000255910",NA
"ENSG00000157111",610.464017916103,-10.0479019858127,1.5186519348293,-6.61632975625985,3.68226486517545e-11,3.87971387848648e-09,"ENSG00000157111","TMEM171"
"ENSG00000258526",227.447478649925,-8.43499108512381,1.2753313778768,-6.61396028627992,3.74172161413772e-11,3.92116331735336e-09,"ENSG00000258526","LOC105370460"
"ENSG00000248870",557.677044001829,-8.95494684218806,1.35618183839169,-6.60305763481381,4.0276286422945e-11,4.19821056126227e-09,"ENSG00000248870",NA
"ENSG00000199053",229.34229195455,-8.48215953560446,1.28546899578102,-6.59849406204537,4.15355112848081e-11,4.30643715938021e-09,"ENSG00000199053","MIR324"
"ENSG00000203443",276.100035142125,-8.3410091871034,1.2658445737693,-6.58928383463889,4.41953179361443e-11,4.5579636889488e-09,"ENSG00000203443",NA
"ENSG00000253708",332.357790600934,-8.64058020974381,1.31529625603577,-6.5693034326624,5.05511784875242e-11,5.1860187951517e-09,"ENSG00000253708",NA
"ENSG00000197768",546.936904502504,-9.38193641387557,1.43142879205906,-6.55424598549535,5.59237184517505e-11,5.70714722545299e-09,"ENSG00000197768","STPG3"
"ENSG00000264616",302.787619058918,-8.67834347753138,1.32442022691234,-6.5525603590059,5.65588457565825e-11,5.71215037040055e-09,"ENSG00000264616","MIR4755"
"ENSG00000247570",498.171856922239,-9.61652322882872,1.46742484301122,-6.55333271385482,5.62669591289367e-11,5.71215037040055e-09,"ENSG00000247570",NA
"ENSG00000252904",276.896260810925,-8.59523529955079,1.31477873909516,-6.5374005860987,6.25972258200449e-11,6.28940786435214e-09,"ENSG00000252904","LOC124900212"
"ENSG00000259162",534.709696689924,-9.45577388665297,1.45463493775681,-6.50044464161893,8.0082955221797e-11,8.0050100676065e-09,"ENSG00000259162",NA
"ENSG00000232485",289.071196030645,-8.15006733167606,1.25540582003356,-6.49197829229292,8.4716467741085e-11,8.42496627147566e-09,"ENSG00000232485","RPL37A-DT"
"ENSG00000230806",489.436250069721,-9.45908121688511,1.45917088221732,-6.48250409335972,9.02126361143623e-11,8.92601372152868e-09,"ENSG00000230806","SRGAP2-AS1"
"ENSG00000189149",255.895388943177,-8.20157747870729,1.26765356109235,-6.46988872230981,9.80751154411897e-11,9.65495025343267e-09,"ENSG00000189149",NA
"ENSG00000234213",227.161142055158,-8.43235664664984,1.30498487039391,-6.46165088803255,1.03566814862792e-10,1.01443434939977e-08,"ENSG00000234213","FHP1"
"ENSG00000266552",480.894578021134,-9.70337373309785,1.50621315723994,-6.44223142418886,1.17729579194234e-10,1.14730235486894e-08,"ENSG00000266552",NA
"ENSG00000239445",486.918593757371,-9.5658318663244,1.48503482681959,-6.44148655207703,1.18308933577189e-10,1.14730235486894e-08,"ENSG00000239445",NA
"ENSG00000229656",601.463290104142,-9.57169376388619,1.49298137081395,-6.41112739314881,1.44447427272616e-10,1.39384616455338e-08,"ENSG00000229656","ITGB1-DT"
"ENSG00000259321",235.388045522674,-8.26165414267979,1.28999514688281,-6.40440715040174,1.50954784622065e-10,1.4494633802233e-08,"ENSG00000259321",NA
"ENSG00000171119",424.473155647032,-9.33283346267594,1.46074756809979,-6.3890802671789,1.66886447323401e-10,1.59458364275869e-08,"ENSG00000171119","NRTN"
"ENSG00000252817",213.179905365402,-8.14721205309993,1.28155826478512,-6.3572701116839,2.05370686346678e-10,1.95272459427778e-08,"ENSG00000252817",NA
"ENSG00000155714",204.034315813211,-8.04490261767724,1.26804949516356,-6.34431277987266,2.23420500987212e-10,2.11403514817609e-08,"ENSG00000155714","PDZD9"
"ENSG00000249738",345.444822233237,-9.08754210352288,1.4337129159042,-6.33846706876572,2.3206242702795e-10,2.18519846745353e-08,"ENSG00000249738","IL12B-AS1"
"ENSG00000223476",649.676869003216,-9.49636078548112,1.50119147728337,-6.32588242684819,2.51789483500336e-10,2.35955798672527e-08,"ENSG00000223476",NA
"ENSG00000205609",384.695684732114,-9.05807493099763,1.44172759632926,-6.28279222375996,3.32545382130103e-10,3.10142324807654e-08,"ENSG00000205609","EIF3CL"
"ENSG00000104808",324.82745623722,-8.99695835778932,1.43647803896122,-6.2632063378396,3.77141044131453e-10,3.50058725343346e-08,"ENSG00000104808","DHDH"
"ENSG00000223725",278.839364199387,-8.91641871169862,1.42414923279451,-6.2608738651655,3.82826088709901e-10,3.53651474935232e-08,"ENSG00000223725",NA
"ENSG00000255641",381.484094925766,-9.072728034409,1.45308977573453,-6.24374913781413,4.27204973140739e-10,3.92786761153739e-08,"ENSG00000255641",NA
"ENSG00000267734",351.03498240246,-8.72302671508086,1.40748588510391,-6.19759445362885,5.73326336907829e-10,5.24660890094245e-08,"ENSG00000267734",NA
"ENSG00000131650",361.255226219245,-8.76324775208393,1.41888534141337,-6.17614933096339,6.5683864432337e-10,5.98275647436969e-08,"ENSG00000131650","KREMEN2"
"ENSG00000265394",269.810515242056,-8.71299081140201,1.41092497973102,-6.17537497497783,6.60066224695547e-10,5.98419109384447e-08,"ENSG00000265394",NA
"ENSG00000136110",417.867696620613,-8.77926053819939,1.42798005694802,-6.14802741500679,7.84524762496751e-10,7.07960956971605e-08,"ENSG00000136110","CNMD"
"ENSG00000215267",330.097306808988,-8.50234340475546,1.38554637406794,-6.13645531025623,8.43830874082308e-10,7.57970110489049e-08,"ENSG00000215267","AKR1C7P"
"ENSG00000266274",299.944813373311,-8.64712509875848,1.41935516563554,-6.09229127995357,1.11305917985811e-09,9.95217868522678e-08,"ENSG00000266274","RN7SL138P"
"ENSG00000263370",204.713475701148,-8.46969370514705,1.39129516227208,-6.0876325418364,1.14592501596863e-09,1.01992558955528e-07,"ENSG00000263370",NA
"ENSG00000203886",242.819523666876,-8.45882621006444,1.39277431856404,-6.07336457695854,1.25257635835345e-09,1.10978265350116e-07,"ENSG00000203886",NA
"ENSG00000261798",289.113067352163,-8.68647483188984,1.4432839428337,-6.01854879285576,1.75987668229943e-09,1.55219530730229e-07,"ENSG00000261798","LOC101929536"
"ENSG00000253720",399.783052648713,-8.69310564663174,1.44531657952593,-6.01467233530462,1.80250918420211e-09,1.58263554137241e-07,"ENSG00000253720",NA
"ENSG00000231646",270.200683911562,-8.56250131221132,1.43554653099766,-5.96462819373791,2.45191707082925e-09,2.14317343249344e-07,"ENSG00000231646","FSIP2-AS2"
"ENSG00000206044",193.864349406296,-8.39062618138154,1.41176800657153,-5.94334631633858,2.79261569224335e-09,2.43007433362533e-07,"ENSG00000206044",NA
"ENSG00000264421",258.236562760275,-8.27326419593262,1.39265438735201,-5.94064419074098,2.83904216576868e-09,2.45949377311836e-07,"ENSG00000264421",NA
"ENSG00000259679",206.212560226342,-8.17183267931799,1.38510685306022,-5.89978503193697,3.6397548055801e-09,3.12537888415715e-07,"ENSG00000259679",NA
"ENSG00000227433",248.248972045863,-8.45142929680883,1.43249615310158,-5.89979196698723,3.63960182505644e-09,3.12537888415715e-07,"ENSG00000227433","RPL31P22"
"ENSG00000243544",190.494629811543,-7.94492699177674,1.3565762783982,-5.85660173945977,4.72434217412015e-09,4.03889814289255e-07,"ENSG00000243544","RN7SL172P"
"ENSG00000260135",279.866997297269,-8.05620387598476,1.38034188905317,-5.83638295691426,5.33462055264518e-09,4.54071719703755e-07,"ENSG00000260135","LOC105371279"
"ENSG00000213612",309.768835294027,-8.33844343945429,1.4308310568768,-5.82769251434571,5.61990026857986e-09,4.76274330587646e-07,"ENSG00000213612",NA
"ENSG00000116652",189.471073867773,-7.61377464488901,1.39850269963608,-5.44423306931784,5.20290600969932e-08,4.3902616424701e-06,"ENSG00000116652",NA
"ENSG00000178235",31.8231731713056,1.95339383317054,0.363981079495562,5.36674553489904,8.01700379607609e-08,6.73566543073772e-06,"ENSG00000178235","SLITRK1"
"ENSG00000258234",171.848196779742,-7.1175129401973,1.36254661119171,-5.22368400591608,1.75397998903909e-07,1.46732094190343e-05,"ENSG00000258234",NA
"ENSG00000240888",74.7315532263886,-6.86764462577669,1.40043116450745,-4.90395015465978,9.39283339551142e-07,7.8241499378337e-05,"ENSG00000240888",NA
"ENSG00000256810",78.9181577521845,-6.6871110582735,1.3796555607282,-4.84694241709429,1.25378799532331e-06,0.000103995045126987,"ENSG00000256810",NA
"ENSG00000265204",81.9300080905532,-6.74476673967442,1.41295470771255,-4.77351942200158,1.81034081797066e-06,0.000149521878067305,"ENSG00000265204",NA
"ENSG00000240233",58.8920501384154,-6.52016820765426,1.38662727853435,-4.70217794542885,2.57401019316413e-06,0.000211698762384621,"ENSG00000240233","RN7SL587P"
"ENSG00000225544",54.5153148865791,-6.40731739486958,1.37734009841662,-4.65195009005791,3.28810671875126e-06,0.000269293177150839,"ENSG00000225544","MPPE1P2"
"ENSG00000234159",50.6701775298845,-6.28304869454904,1.36082115195309,-4.61710099488931,3.89137914342695e-06,0.000317367206124176,"ENSG00000234159",NA
"ENSG00000204659",49.2664944578727,-6.25762450497968,1.35630589774798,-4.6137265312861,3.95512748153696e-06,0.00032122227029216,"ENSG00000204659","CBY3"
"ENSG00000233929",63.7547571108611,-6.33153505471691,1.38582976421828,-4.56876827024164,4.90598830959425e-06,0.000396794705936146,"ENSG00000233929",NA
"ENSG00000074800",1508.44836949362,-1.07647665811644,0.238802602925096,-4.50780956710966,6.55003235374146e-06,0.000527575333219539,"ENSG00000074800","ENO1"
"ENSG00000265489",52.3567851999643,1.47584199749131,0.328698697161337,4.48995390075097,7.12385894877742e-06,0.000571433163084648,"ENSG00000265489","ARHGAP44-AS1"
"ENSG00000260439",32.4121595860346,1.39129310082706,0.3107281450117,4.47752520382302,7.55133148422796e-06,0.000603239972502342,"ENSG00000260439","LMF1-AS1"
"ENSG00000205318",36.7991080943231,-5.70925020492115,1.27614947306714,-4.47380994578898,7.68380439320479e-06,0.000611317205029991,"ENSG00000205318","GCNT2P1"
"ENSG00000262402",39.7305080099374,-5.94366899172642,1.32944507274406,-4.47078943958046,7.79313961521614e-06,0.000617495436503223,"ENSG00000262402",NA
"ENSG00000196923",181.722202388043,-1.76749202630533,0.400544941159374,-4.41271838608008,1.02080740565034e-05,0.000805569957527787,"ENSG00000196923","PDLIM7"
"ENSG00000197265",285.911259712131,1.84858737167153,0.423356207525777,4.36650588513924,1.2624988781598e-05,0.000992283392463338,"ENSG00000197265","GTF2E2"
"ENSG00000232645",41.1280012863497,-5.70080814804711,1.30617678689724,-4.36449966439007,1.27414045185533e-05,0.000997411473396146,"ENSG00000232645","LINC01431"
"ENSG00000185697",54.1881572029752,-1.41938689193367,0.328171241695089,-4.32514099834639,1.52434330415522e-05,0.00118849998738374,"ENSG00000185697","MYBL1"
"ENSG00000266149",48.2016341508233,-5.76146331296945,1.33645492194981,-4.31100459756907,1.62514526185991e-05,0.00126204507745711,"ENSG00000266149",NA
"ENSG00000228170",56.1456431508957,1.57335961216103,0.366416235460992,4.29391347842864,1.75550910353439e-05,0.00135787235897192,"ENSG00000228170",NA
"ENSG00000006125",2703.63326431464,-1.96958028894259,0.460983934325447,-4.27255733288116,1.93243845277427e-05,0.00148881779926783,"ENSG00000006125","AP2B1"
"ENSG00000259834",200.246179719149,1.66595993558645,0.392733467117525,4.24196070636351,2.21575491804761e-05,0.00170037381348756,"ENSG00000259834",NA
"ENSG00000225192",17.5854203036855,1.55355058558663,0.370578975807211,4.1922253743689,2.76231371205337e-05,0.00211149093628801,"ENSG00000225192",NA
"ENSG00000005810",723.226364839987,-1.38800581877436,0.337027941143176,-4.11837016855734,3.81561439696357e-05,0.00290523264943804,"ENSG00000005810","MYCBP2"
"ENSG00000168118",315.044110518565,1.45163462383002,0.355236216897545,4.08639253201114,4.38132286111968e-05,0.00332298619490058,"ENSG00000168118","RAB4A"
"ENSG00000123200",474.59205910177,-1.22084062489293,0.299342392799823,-4.07840871944031,4.53449989667561e-05,0.00342583224751942,"ENSG00000123200","ZC3H13"
"ENSG00000144228",779.084408854238,-1.78071893002643,0.438926608788891,-4.05698559706801,4.97101462362463e-05,0.00374112034917727,"ENSG00000144228","SPOPL"
"ENSG00000213152",16.631684090079,1.34452176731859,0.33313630072638,4.03595094376372,5.4381579044072e-05,0.0040769451489502,"ENSG00000213152","RPL7AP60"
"ENSG00000168538",170.46908212142,-1.46414056144945,0.363173802831068,-4.03151480100149,5.54185057593945e-05,0.00413876442246022,"ENSG00000168538","TRAPPC11"
"ENSG00000205937",928.87528555307,-1.99262692757312,0.498175422574459,-3.99984992691063,6.3382664355825e-05,0.00471547669322038,"ENSG00000205937","RNPS1"
"ENSG00000253356",147.719422850725,1.95509726577261,0.495793473966216,3.94337031129586,8.03444479116275e-05,0.00595465391138191,"ENSG00000253356",NA
"ENSG00000183751",184.415233101318,-1.46052302886051,0.372320626307433,-3.92275615601949,8.75417402003026e-05,0.00646349848478901,"ENSG00000183751","TBL3"
"ENSG00000115239",119.726373727198,-1.61527398504554,0.412926869459144,-3.9117676870029,9.1623025921857e-05,0.00673930574063712,"ENSG00000115239","ASB3"
"ENSG00000111667",314.5063184309,-1.71543672159848,0.43880315604446,-3.90935365429476,9.25433988717957e-05,0.0067814132737182,"ENSG00000111667","USP5"
"ENSG00000198964",786.55678345862,-1.54482639405585,0.397179294318297,-3.88949377813698,0.000100453543981525,0.0073334849411531,"ENSG00000198964","SGMS1"
"ENSG00000151116",118.274058251568,-1.21463256535385,0.314276788855765,-3.86484973890737,0.000111157609442298,0.0080846422509301,"ENSG00000151116","UEVLD"
"ENSG00000104722",43.6699799731342,1.8775969772637,0.486548327463701,3.85901434920416,0.000113845253951075,0.00824933713759981,"ENSG00000104722","NEFM"
"ENSG00000069248",215.589634063054,-1.35723882430702,0.352963253828505,-3.84526947093044,0.000120420029745191,0.00869343414738244,"ENSG00000069248","NUP133"
"ENSG00000159459",322.91723142164,-1.15075360127198,0.300218644948031,-3.83305174624042,0.000126563317287447,0.0091032183784757,"ENSG00000159459","UBR1"
"ENSG00000182606",572.872382777905,-1.26479325748452,0.33032840649531,-3.82889643341185,0.00012871915686395,0.00922424193232394,"ENSG00000182606","TRAK1"
"ENSG00000206652",185.92661733147,1.85245693144478,0.484268186024408,3.82527075885884,0.000130628439006157,0.00932677484654952,"ENSG00000206652","RNU1-1"
"ENSG00000162384",389.712702565026,-1.75128164163836,0.459176425024389,-3.81396244710373,0.000136756257696129,0.00972866049274798,"ENSG00000162384","CZIB"
"ENSG00000064999",1332.45466053289,-1.14544189727537,0.301403395712492,-3.80036162023871,0.000144485085029544,0.0102411028268941,"ENSG00000064999","ANKS1A"
"ENSG00000138439",395.339058401694,1.5706703802688,0.414787440097987,3.78668741728958,0.000152668955285258,0.010781968392827,"ENSG00000138439","FAM117B"
"ENSG00000167487",126.874932651666,1.22925031603422,0.32497026750517,3.78265471937264,0.00015516458482311,0.0109186573551338,"ENSG00000167487","KLHL26"
"ENSG00000182334",29.6109929763155,1.47664469939405,0.392288657237898,3.76417893341881,0.000167097206245247,0.0117160386479581,"ENSG00000182334","OR5P3"
"ENSG00000197858",388.976117042211,-1.67647462829215,0.447133874882617,-3.74937959852016,0.000177272581459787,0.0123849360495132,"ENSG00000197858","GPAA1"
"ENSG00000186340",152.761284848926,-1.61667153177878,0.433859897941861,-3.72625250558516,0.00019434771700336,0.0135293774993911,"ENSG00000186340","THBS2"
"ENSG00000139574",56.4385444257215,1.17551125819498,0.316766050769969,3.71097614576324,0.000206461560988877,0.0143215257893067,"ENSG00000139574","NPFF"
"ENSG00000124222",813.008896929973,-1.23474116594763,0.332815103112343,-3.70999138681166,0.000207266298735945,0.0143263641665285,"ENSG00000124222","STX16"
"ENSG00000188060",49.121076395187,1.66283225031139,0.44859424026061,3.70676237248471,0.000209925742139974,0.0144589136600437,"ENSG00000188060","RAB42"
"ENSG00000157423",157.72521959082,-1.8903274405638,0.51145384087161,-3.69598835613853,0.000219033011260696,0.0150330685052588,"ENSG00000157423","HYDIN"
"ENSG00000258212",19.2279156514108,1.33638017176555,0.361838811748476,3.693302455057,0.000221360480845452,0.0151395034829458,"ENSG00000258212",NA
"ENSG00000054967",201.369267890501,-1.73786308755363,0.472665795877431,-3.67672698704072,0.000236245643920157,0.0161010492702507,"ENSG00000054967","RELT"
"ENSG00000197721",279.433546535528,-5.15327440505722,1.40502968390681,-3.66773347501676,0.000244710068180901,0.0166198210765928,"ENSG00000197721","CR1L"
"ENSG00000230018",34.4013526464831,1.19503710154634,0.326041145251408,3.66529537437631,0.000247053279401692,0.0167207032017284,"ENSG00000230018","PPIAP39"
"ENSG00000101079",552.214365792088,-1.73534473686443,0.473771750299752,-3.66282864220269,0.000249445414094789,0.0168241868911268,"ENSG00000101079","NDRG3"
"ENSG00000015532",232.298889970009,-1.10015490443519,0.302179537170143,-3.64073264105815,0.000271863332554154,0.0182729657867089,"ENSG00000015532","XYLT2"
"ENSG00000259330",42.1869151401599,1.25976551882658,0.346913659504929,3.63135173352457,0.000281940617265739,0.0188851770163017,"ENSG00000259330","INAFM2"
"ENSG00000135249",106.567187852112,-1.89983104821652,0.523555729216424,-3.62870835366446,0.000284842810565246,0.0189493381008115,"ENSG00000135249","RINT1"
"ENSG00000153064",61.5421624403202,-1.40778294335735,0.387862905565455,-3.62958902013323,0.000283872823054845,0.0189493381008115,"ENSG00000153064","BANK1"
"ENSG00000205746",90.7580973669037,1.2370843906412,0.341309615876959,3.62452252469546,0.000289495790179226,0.019193373952971,"ENSG00000205746","PKD1P4"
"ENSG00000214338",1181.78992097628,-1.70430026592931,0.470964657205798,-3.61874344465849,0.000296036937333132,0.0195399512150348,"ENSG00000214338","MTCL3"
"ENSG00000087191",430.035680618053,-1.51067245380942,0.417527392641698,-3.61813974467972,0.000296728173591745,0.0195399512150348,"ENSG00000087191","PSMC5"
"ENSG00000152582",146.481092056058,-1.39450445384455,0.385730697861381,-3.61522808937983,0.000300083297381331,0.0196943556651747,"ENSG00000152582","SPEF2"
"ENSG00000251187",82.6135161027594,1.21790227850685,0.337580652987022,3.60773719622396,0.000308879118010412,0.0202035965377817,"ENSG00000251187",NA
"ENSG00000162191",673.29173095046,-1.52830880217863,0.424559323787219,-3.59975324189227,0.000318519298006904,0.0207153870225717,"ENSG00000162191","UBXN1"
"ENSG00000170899",153.008463898414,-1.53872361929005,0.427585357935541,-3.59863496430112,0.000319891827097993,0.0207153870225717,"ENSG00000170899","GSTA4"
"ENSG00000160299",186.794432195485,-1.43380819007279,0.398406613077243,-3.59885640200155,0.000319619604531053,0.0207153870225717,"ENSG00000160299","PCNT"
"ENSG00000124181",501.934095420503,-1.47230014895726,0.409466009983759,-3.59565901212573,0.000323571409071153,0.0208842844556785,"ENSG00000124181","PLCG1"
"ENSG00000265624",239.059049654383,-5.02593457317175,1.39901623672679,-3.59247765767942,0.000327548745620707,0.0210712216159697,"ENSG00000265624",NA
"ENSG00000143365",499.183495503233,-1.32116534734741,0.368350404574482,-3.58670801209956,0.000334878944921363,0.0214719091921289,"ENSG00000143365","RORC"
"ENSG00000196628",3790.33343849484,-1.20567499864576,0.336467839803347,-3.58332909127491,0.00033924276104622,0.0216803931092227,"ENSG00000196628","TCF4"
"ENSG00000167580",22.918610532948,1.71074257115769,0.477951895731572,3.57931956424017,0.00034449000598586,0.0219437882244326,"ENSG00000167580","AQP2"
"ENSG00000207507",73.9268683945375,1.26747183410622,0.354349785369455,3.57689460086653,0.000347700285764394,0.0220761367104872,"ENSG00000207507","RNU6-9"
"ENSG00000175711",161.206178442065,-1.39071722374792,0.388901888631433,-3.57601046536938,0.000348877690922791,0.0220789738683995,"ENSG00000175711","QTGAL"
"ENSG00000174007",31.6307824278204,1.19220142762445,0.333952984816352,3.56996787520874,0.000357025008782623,0.0225214610718152,"ENSG00000174007","CEP19"
"ENSG00000105662",306.103420975254,-1.50879447855226,0.423162957720377,-3.56551643055028,0.000363140409279614,0.022833331798962,"ENSG00000105662","CRTC1"
"ENSG00000137628",252.451547588852,-1.39865925578407,0.392803703969926,-3.56070790995178,0.000369856327042385,0.0231808344910295,"ENSG00000137628","DDX60"
"ENSG00000135976",208.055828240995,-1.29682802841967,0.364878774017707,-3.55413392272783,0.000379226051208709,0.0236919044556415,"ENSG00000135976","ANKRD36"
"ENSG00000178201",23.9190309304386,1.46145047282425,0.412070892854456,3.54659962197435,0.000390237167052279,0.0242245314018568,"ENSG00000178201","VN1R1"
"ENSG00000128052",1254.61856446461,-1.12295411267622,0.31708170217054,-3.54152921782996,0.000397814797394304,0.0245658413440569,"ENSG00000128052","KDR"
"ENSG00000079805",808.940276110321,-1.5444587905285,0.436135419137406,-3.54123678737937,0.000398255995522367,0.0245658413440569,"ENSG00000079805","DNM2"
"ENSG00000166965",95.113334598996,-1.34792029289323,0.380810888851576,-3.53960543764439,0.000400725659522021,0.0246402036448051,"ENSG00000166965","RCCD1"
"ENSG00000116830",130.235736904429,1.56745294755606,0.443582117830083,3.53362519486523,0.000409901906474211,0.0251251822672809,"ENSG00000116830","TTF2"
"ENSG00000175279",42.819305480848,1.43530708750879,0.406736976374709,3.52883354816136,0.000417395575944961,0.0255043089853266,"ENSG00000175279","CENPS"
"ENSG00000229750",33.5354999359364,1.20298410595086,0.341154454441191,3.52621544373895,0.000421543895031764,0.0256772925061223,"ENSG00000229750",NA
"ENSG00000168092",1676.0643872723,-1.4798407274223,0.420156897161852,-3.52211456581716,0.000428119085300937,0.0259965645192706,"ENSG00000168092","PAFAH1B2"
"ENSG00000104133",523.307362066029,-1.33894117861216,0.380621722007298,-3.5177739503435,0.000435182899992627,0.0263434319461375,"ENSG00000104133","SPG11"
"ENSG00000076641",638.737881743648,-1.19293798966329,0.33947775372619,-3.51403877446847,0.000441348384121944,0.02663394025791,"ENSG00000076641","PAG1"
"ENSG00000143624",679.370730970514,-1.52186984235494,0.433775337564115,-3.50842869698649,0.000450762047077787,0.0271180673507415,"ENSG00000143624","INTS3"
"ENSG00000103264",391.836018281808,-1.166578673616,0.332620954015864,-3.50723145830542,0.000452795116091443,0.0271432216324968,"ENSG00000103264","FBXO31"
"ENSG00000253445",131.868179896541,-1.48184690862665,0.422594618744793,-3.50654467164795,0.000453965229437409,0.0271432216324968,"ENSG00000253445",NA
"ENSG00000122965",258.027660599975,-1.28094078033947,0.366183506648314,-3.49808431314658,0.000468612963811818,0.0279011545916018,"ENSG00000122965","RBM19"
"ENSG00000242435",20.4683742444501,1.52068904764402,0.434783522194926,3.49757746100196,0.000469504345682608,0.0279011545916018,"ENSG00000242435","UPK3BP1"
"ENSG00000181163",1417.91765138385,-1.25657287534943,0.36118025349933,-3.47907412759972,0.000503149388129654,0.029809689584873,"ENSG00000181163","NPM1"
"ENSG00000251260",181.853607486773,1.3631381195336,0.392184980033471,3.47575299649993,0.000509421241479301,0.0300898146633774,"ENSG00000251260","WDFY3-AS1"
"ENSG00000183091",41.2862469740408,-1.75495920309181,0.505890707712908,-3.4690481092761,0.000522305915384295,0.0307576643585217,"ENSG00000183091","NEB"
"ENSG00000162714",649.800413173335,-1.23959968671727,0.357713581024012,-3.46534141412443,0.000529558741217748,0.0310908403126998,"ENSG00000162714","ZNF496"
"ENSG00000109452",705.664519588951,-1.74854119987195,0.504891502067233,-3.46320188141948,0.000533787736499774,0.0311514687420766,"ENSG00000109452","INPP4B"
"ENSG00000169136",120.797501623227,1.24301493955821,0.358870977521096,3.46368198438432,0.000532836036735267,0.0311514687420766,"ENSG00000169136","ATF5"
"ENSG00000219451",61.7364792145257,1.3443320957706,0.389070345041898,3.45524173944904,0.000549799632515056,0.0319901326477118,"ENSG00000219451","RPL23P8"
"ENSG00000165092",1466.03657422262,-1.54737324015296,0.448267924811424,-3.45189373253486,0.000556666920004145,0.032150086212725,"ENSG00000165092","ALDH1A1"
"ENSG00000258377",721.584930174445,-1.40110074510798,0.405940637218617,-3.45149171245309,0.000557496877688336,0.032150086212725,"ENSG00000258377",NA
"ENSG00000230715",26.3286285111092,1.39792626036288,0.405014232624243,3.45154848338336,0.000557379606061798,0.032150086212725,"ENSG00000230715",NA
"ENSG00000233746",17.8772128257923,1.1221004070902,0.325771252754044,3.44444268057433,0.000572237953359863,0.0329028383094114,"ENSG00000233746","LINC00656"
"ENSG00000048405",750.663127477072,-1.68655561003088,0.490351178075394,-3.43948518009182,0.0005828216933902,0.0332251731420054,"ENSG00000048405","ZNF800"
"ENSG00000162645",433.8627153217,-1.40692375421938,0.409050493248559,-3.43948675638062,0.000582818299403375,0.0332251731420054,"ENSG00000162645","GBP2"
"ENSG00000053747",1056.55896772931,-1.57875881891236,0.459039811045699,-3.43926339485878,0.00058329941382586,0.0332251731420054,"ENSG00000053747","LAMA3"
"ENSG00000127083",63.352520044672,1.17898164202769,0.342863602671958,3.43863166821968,0.00058466213768253,0.0332251731420054,"ENSG00000127083","OMD"
"ENSG00000164347",115.149054651224,-1.28867650850847,0.37519193126791,-3.43471274596328,0.000593182250618682,0.0336113617123818,"ENSG00000164347","GFM2"
"ENSG00000116171",1086.2820063214,-1.38868136558548,0.4044285565556,-3.43368771338126,0.000595429761186887,0.0336409185653762,"ENSG00000116171","SCP2"
"ENSG00000113269",339.42646225863,-1.17000469679248,0.340825349482034,-3.43285702947441,0.000597256950177086,0.0336466256440802,"ENSG00000113269","RNF130"
"ENSG00000135679",1752.34109404941,-1.21029180082146,0.352662397161443,-3.43187085031752,0.00059943294514203,0.033650310641186,"ENSG00000135679","MDM2"
"ENSG00000172869",605.385456994987,-1.40603065121024,0.409770438442863,-3.43126423797966,0.000600775092506296,0.033650310641186,"ENSG00000172869","DMXL1"
"ENSG00000188064",192.595504153043,-1.23788861173231,0.361151350964216,-3.42761728130698,0.000608903223112802,0.0340078556587815,"ENSG00000188064","WNT7B"
"ENSG00000114541",814.34990881269,-1.48885939583543,0.434687708659816,-3.42512421256568,0.000614518398582586,0.0342234075004908,"ENSG00000114541","FRMD4B"
"ENSG00000162433",92.4017389483919,1.17313337519576,0.342594475195047,3.424262386391,0.000616470683576783,0.0342343206959506,"ENSG00000162433","AK4"
"ENSG00000129195",49.4515696254048,1.42699423558033,0.417715920060828,3.41618350426415,0.000635054368361524,0.0351661356480194,"ENSG00000129195","PIMREG"
"ENSG00000235475",223.057624636428,-4.78728347285773,1.40238046561382,-3.41368379711588,0.000640909124623843,0.0353898035613823,"ENSG00000235475",NA
"ENSG00000260464",27.8469081915733,1.30474625354122,0.382869963137815,3.40780520584106,0.000654876263731227,0.0360588930300821,"ENSG00000260464",NA
"ENSG00000264299",21.865247874223,1.39291499668235,0.409700524423146,3.39983698737891,0.000674260377254643,0.0370216430237958,"ENSG00000264299",NA
"ENSG00000266490",76.9395606433877,1.30697464327341,0.38526226565833,3.39242837873071,0.000692760402024271,0.0379006339760014,"ENSG00000266490",NA
"ENSG00000261215",27.4715444793145,1.41477119239177,0.417105785232927,3.39187621577032,0.000694157927838729,0.0379006339760014,"ENSG00000261215",NA
"ENSG00000167986",671.221113219856,-1.21797674086804,0.359871250550643,-3.38447914081606,0.000713134372859718,0.0388279754072112,"ENSG00000167986","DDB1"
"ENSG00000158604",1086.59923357367,-1.40437235516592,0.415651548022386,-3.3787251890381,0.000728227637669391,0.0395393122937375,"ENSG00000158604","TMED4"
"ENSG00000177640",71.5098143686446,1.13330194919631,0.337251351832729,3.36040743213508,0.000778276062240326,0.0421393250144123,"ENSG00000177640","CASC2"
"ENSG00000161570",176.404794549621,1.25209914817373,0.372796095652705,3.35867022958357,0.000783184671878106,0.0422876333081663,"ENSG00000161570",NA
"ENSG00000155506",1498.83448064958,-1.3397462320147,0.400646637045672,-3.34395975938762,0.00082591716429463,0.043829739426017,"ENSG00000155506","LARP1"
"ENSG00000145476",477.965968900858,-1.40487409235781,0.420150098755159,-3.34374333487065,0.000826561702562589,0.043829739426017,"ENSG00000145476","CYP4V2"
"ENSG00000100554",532.668081714932,1.56407758461595,0.467801796523163,3.34346211630786,0.00082739990239633,0.043829739426017,"ENSG00000100554","ATP6V1D"
"ENSG00000155561",157.518671918038,-1.40586317297581,0.420286086846538,-3.34501478153651,0.000822781852552244,0.043829739426017,"ENSG00000155561","NUP205"
"ENSG00000159423",116.129315362995,1.16537968712725,0.348557761937182,3.34343346896197,0.000827485332894227,0.043829739426017,"ENSG00000159423","ALDH4A1"
"ENSG00000110011",92.6277302737804,-1.18258395282429,0.353292731022217,-3.34732036349178,0.000815968525240355,0.043829739426017,"ENSG00000110011","DNAJC4"
"ENSG00000258876",20.5542453708447,1.60545995488144,0.479782308336736,3.34622583406023,0.000819196464315028,0.043829739426017,"ENSG00000258876",NA
"ENSG00000236900",266.269126966253,-4.78695500344381,1.43426985052062,-3.33755534337296,0.000845188880456569,0.0446461291540906,"ENSG00000236900",NA
"ENSG00000110911",637.050578207179,-1.46603346213804,0.440285771254835,-3.32973163761294,0.000869297238397686,0.0457955182995884,"ENSG00000110911","SLC11A2"
"ENSG00000235499",70.3305678475982,1.45690738392244,0.438397340478604,3.32325780610785,0.000889726455046732,0.0467454125654202,"ENSG00000235499",NA
"ENSG00000228060",74.8147569606999,1.29732425986667,0.390908474037894,3.31874171584449,0.000904240247141329,0.0473802443475236,"ENSG00000228060","PABPC4-AS1"
"ENSG00000143753",667.078452231067,-1.65526205918132,0.500012029833806,-3.31044447016904,0.000931479321502505,0.0486766620233963,"ENSG00000143753","DEGS1"
"ENSG00000267500",12.969277381485,1.2491693363769,0.37754642650759,3.30865093316355,0.000937466390140999,0.048858542450878,"ENSG00000267500",NA
"ENSG00000163281",290.359332861759,-1.44757577640922,0.438440803612953,-3.30164474766155,0.000961197254678758,0.0499617517018623,"ENSG00000163281","GNPDA2"
