"","baseMean","log2FoldChange","lfcSE","stat","pvalue","padj","ensembl_id","gene_symbol"
"ENSG00000133661",171.112049260437,3.83256497749568,0.368117793735536,10.4112461899874,2.20318459646241e-25,2.80289144361948e-21,"ENSG00000133661","SFTPD"
"ENSG00000134020",79.7292250013459,4.46019360207524,0.460431511223901,9.68698599759023,3.42486421696475e-22,2.17855612841128e-18,"ENSG00000134020","PEBP4"
"ENSG00000174837",104.505421255356,-4.60928572887871,0.48806431925275,-9.44401290374135,3.58769815541429e-21,9.12853918663612e-18,"ENSG00000174837","ADGRE1"
"ENSG00000112936",329.158564592822,3.78696308442658,0.398873669422865,9.49414156593987,2.22033189774354e-21,9.12853918663612e-18,"ENSG00000112936","C7"
"ENSG00000166961",91.3400412068758,4.34351848604886,0.458854684952599,9.46600008344157,2.90765166252485e-21,9.12853918663612e-18,"ENSG00000166961","MS4A15"
"ENSG00000137077",70.6843828782969,5.91241490390511,0.642626621374006,9.20038900857191,3.56656222483742e-20,7.56230077073027e-17,"ENSG00000137077","CCL21"
"ENSG00000124491",496.645815075763,3.44252713693858,0.380940073455304,9.0369256920472,1.61139842960912e-19,2.92860154592675e-16,"ENSG00000124491","F13A1"
"ENSG00000167434",74.9681043668806,3.77176295272206,0.418173481378064,9.01961296132997,1.88754982707434e-19,3.00167611250497e-16,"ENSG00000167434","CA4"
"ENSG00000078081",402.326961211469,2.67972910134606,0.301889097090157,8.87653488375493,6.89755086373115e-19,9.75007134315419e-16,"ENSG00000078081","LAMP3"
"ENSG00000184408",55.7558512710088,4.53287770815928,0.519105642946182,8.73209099102247,2.50006962423887e-18,3.10869769152273e-15,"ENSG00000184408","KCND2"
"ENSG00000286619",76.1031197222446,5.82531707299871,0.667742662539908,8.72389529649165,2.68791657025233e-18,3.10869769152273e-15,"ENSG00000286619","ENSG00000286619"
"ENSG00000176435",136.378642765218,2.94598935368543,0.342734203223537,8.5955510887952,8.28661466883703e-18,8.78519265141206e-15,"ENSG00000176435","CLEC14A"
"ENSG00000086570",210.633547038932,-4.15684523300196,0.491471099823666,-8.45796473992751,2.7208435379296e-17,2.5484971457432e-14,"ENSG00000086570","FAT2"
"ENSG00000186081",316.212464949709,-3.52128946005806,0.416502226768778,-8.45443129410425,2.80450872821921e-17,2.5484971457432e-14,"ENSG00000186081","KRT5"
"ENSG00000273540",56.469271977525,5.21012011190522,0.624907232907569,8.3374296816242,7.59227709067358e-17,6.43926327650329e-14,"ENSG00000273540","AGBL1"
"ENSG00000230438",80.8209324619673,-3.14096283651259,0.384615841515381,-8.16649367362831,3.1748204248501e-16,2.52437909030894e-13,"ENSG00000230438","SERPINB9P1"
"ENSG00000205420",202.031461715047,-3.03069049869458,0.372009373141593,-8.14681219750088,3.73643280795183e-16,2.79617048133901e-13,"ENSG00000205420","KRT6A"
"ENSG00000225473",64.1140298373385,4.28131047377764,0.526109908918898,8.13767313863236,4.02946923915649e-16,2.84793931447493e-13,"ENSG00000225473","ATP13A4-AS1"
"ENSG00000137203",87.8357992246756,-3.15340578154691,0.388314580602265,-8.12075038917177,4.6331004933953e-16,3.10222655141974e-13,"ENSG00000137203","TFAP2A"
"ENSG00000147689",175.619248374089,-2.60301138167359,0.322434910206923,-8.07298248196233,6.86014531053554e-16,4.36373843203165e-13,"ENSG00000147689","FAM83A"
"ENSG00000137699",145.748884443077,-2.63450924977983,0.327887842027067,-8.03478785151892,9.37409569629444e-16,5.67891644991704e-13,"ENSG00000137699","TRIM29"
"ENSG00000127533",424.40634005764,2.76512370694636,0.345223322657961,8.00966657077793,1.15019855428537e-15,6.6512845489175e-13,"ENSG00000127533","F2RL3"
"ENSG00000196616",270.216567455867,2.57983267158212,0.325086377701464,7.93583751439519,2.09079588580328e-15,1.15648283735606e-12,"ENSG00000196616","ADH1B"
"ENSG00000188906",708.552836154136,3.26235606630827,0.411678055796638,7.92453233873564,2.29006549905939e-15,1.21392555329307e-12,"ENSG00000188906","LRRK2"
"ENSG00000131746",149.131975382063,-2.77048017984179,0.350351351987181,-7.90771939119892,2.62146882696995e-15,1.33401305666847e-12,"ENSG00000131746","TNS4"
"ENSG00000164161",238.387328324801,2.69567646156896,0.34707358329359,7.76687305322425,8.04473979625048e-15,3.93635306491918e-12,"ENSG00000164161","HHIP"
"ENSG00000184347",467.894148970165,2.47760912051945,0.327259875447654,7.57076961277445,3.71019542392683e-14,1.74818911789619e-11,"ENSG00000184347","SLIT3"
"ENSG00000138821",846.27661108749,2.04523483830687,0.271032783596367,7.54607915385142,4.4855748959718e-14,2.03805299380547e-11,"ENSG00000138821","SLC39A8"
"ENSG00000075673",193.723440870543,-3.41544362495781,0.466315597931631,-7.3243177798624,2.40117084341178e-13,1.05336880930637e-10,"ENSG00000075673","ATP12A"
"ENSG00000169594",44.2080130703385,-3.35033052952763,0.469676737479474,-7.13326903841826,9.80127105257412e-13,4.1563923443616e-10,"ENSG00000169594","BNC1"
"ENSG00000145934",82.6524052259027,-3.65380108728799,0.512814275568505,-7.12499877901681,1.04081610654731e-12,4.27137500241771e-10,"ENSG00000145934","TENM2"
"ENSG00000064300",73.2361284773217,-2.71187601850404,0.38090646658043,-7.11953263185522,1.08293646891213e-12,4.3053492992188e-10,"ENSG00000064300","NGFR"
"ENSG00000168309",93.962308057408,2.61353496765454,0.375800084346555,6.95458856056136,3.53592460330295e-12,1.36315250918849e-09,"ENSG00000168309","FAM107A"
"ENSG00000273295",35.6863460735416,8.61493288606837,1.24366384272672,6.92705905735768,4.29679242983118e-12,1.60775862624448e-09,"ENSG00000273295","ENSG00000273295"
"ENSG00000182253",325.720103691539,1.78995205958263,0.259880375242191,6.88759995022522,5.6741505768866e-12,2.06247267540432e-09,"ENSG00000182253","SYNM"
"ENSG00000184113",448.49426547377,2.15427410812753,0.313931580126792,6.86224083367926,6.77886504177865e-12,2.39557558504189e-09,"ENSG00000184113","CLDN5"
"ENSG00000286073",35.8062799617458,8.6199334271354,1.2605269119081,6.83835731367855,8.01063947920001e-12,2.75436095822656e-09,"ENSG00000286073","ENSG00000286073"
"ENSG00000113555",421.761790114858,2.25939859647821,0.331505497584091,6.8155690115066,9.38913877015688e-12,3.11595189322836e-09,"ENSG00000113555","PCDH12"
"ENSG00000144681",182.971270886245,-2.32596943540768,0.341396905757875,-6.81309465955532,9.55212418141064e-12,3.11595189322836e-09,"ENSG00000144681","STAC"
"ENSG00000109906",335.508663288151,2.25238586192385,0.331295280901411,6.79872606635205,1.05548290077694e-11,3.35696336592107e-09,"ENSG00000109906","ZBTB16"
"ENSG00000065618",307.854848443229,-2.06023702831018,0.307094998674943,-6.70879381689612,1.96239712520431e-11,6.08917468947543e-09,"ENSG00000065618","COL17A1"
"ENSG00000189056",88.8861808592529,2.51896727420241,0.376505081511081,6.69039382972649,2.22570788100746e-11,6.74177515766116e-09,"ENSG00000189056","RELN"
"ENSG00000144331",85.4657537100669,2.77616321159531,0.415984262156351,6.67372173457819,2.49396298785825e-11,7.37865049570528e-09,"ENSG00000144331","ZNF385B"
"ENSG00000188783",480.587723951097,2.48347720570863,0.373520051235075,6.6488457513775,2.95400368612721e-11,8.54109883975235e-09,"ENSG00000188783","PRELP"
"ENSG00000148346",131.637331841324,-2.32846992487275,0.351176760469028,-6.63047840000251,3.34600636985869e-11,9.45953178607607e-09,"ENSG00000148346","LCN2"
"ENSG00000025423",65.5022873740238,2.63562778792497,0.401924060797683,6.55752676934579,5.47074924936283e-11,1.51301895544335e-08,"ENSG00000025423","HSD17B6"
"ENSG00000228696",45.613067107353,3.15012655440624,0.483856413068596,6.5104573781058,7.49223255724243e-11,2.02800388496252e-08,"ENSG00000228696","ARL17B"
"ENSG00000066405",150.343259792341,2.81861957927444,0.434376356287356,6.48888812311373,8.64721456856346e-11,2.29187216127634e-08,"ENSG00000066405","CLDN18"
"ENSG00000095637",401.865449882069,1.69098018785911,0.264201060261482,6.40035352691445,1.55017599418352e-10,4.0247630608169e-08,"ENSG00000095637","SORBS1"
"ENSG00000206075",40.8332066445887,-3.85834162554542,0.606962214959764,-6.35680694852017,2.05990602850322e-10,5.24122489892358e-08,"ENSG00000206075","SERPINB5"
"ENSG00000168631",38.5123495864176,2.9351526357001,0.469380418970241,6.25324900032993,4.02000422628094e-10,1.00279399542639e-07,"ENSG00000168631","MUCL3"
"ENSG00000064886",79.3338659405015,2.15868483457243,0.345854403123443,6.24159997697628,4.33117459431637e-10,1.05963852286332e-07,"ENSG00000064886","CHI3L2"
"ENSG00000128917",640.839652926873,1.93993560778663,0.311921262560068,6.21931186051494,4.99339959706861e-10,1.18949707002968e-07,"ENSG00000128917","DLL4"
"ENSG00000237413",66.8410451555339,2.55405381370453,0.410779713542763,6.21757533174444,5.0489578510928e-10,1.18949707002968e-07,"ENSG00000237413","MGC27382"
"ENSG00000159307",136.859103602215,2.57728848234415,0.415784378731627,6.19861787546302,5.69611377112651e-10,1.29403498921913e-07,"ENSG00000159307","SCUBE1"
"ENSG00000143387",401.320324813151,1.83197543748432,0.295466007577698,6.20029171038422,5.63586022447283e-10,1.29403498921913e-07,"ENSG00000143387","CTSK"
"ENSG00000165474",95.9625686914335,-2.30964394920439,0.373764564679161,-6.17940855679293,6.43421889504202e-10,1.41131263418491e-07,"ENSG00000165474","GJB2"
"ENSG00000073282",118.853702843555,-2.35651291975442,0.381228022075135,-6.18137383219429,6.35461362527218e-10,1.41131263418491e-07,"ENSG00000073282","TP63"
"ENSG00000021852",40.9059372917372,-2.81134235782499,0.456169667042307,-6.1629313848355,7.14104561097404e-10,1.5398030892002e-07,"ENSG00000021852","C8B"
"ENSG00000181143",514.287186940408,-2.58100538404152,0.419976712452061,-6.14559166619538,7.96659886312863e-10,1.68918451227871e-07,"ENSG00000181143","MUC16"
"ENSG00000123496",60.0926495931931,-3.23869054812263,0.528968676037857,-6.12265091457106,9.20311789203497e-10,1.9193781282372e-07,"ENSG00000123496","IL13RA2"
"ENSG00000277494",24.4853693480315,4.56971936850159,0.751503560621824,6.08076875207408,1.19607690399955e-09,2.45427264075521e-07,"ENSG00000277494","GPIHBP1"
"ENSG00000171502",59.6724955432083,-2.93118236330592,0.486192738781736,-6.02884849874691,1.65131993023779e-09,3.33461780198177e-07,"ENSG00000171502","COL24A1"
"ENSG00000125872",211.829319243778,2.39450732655381,0.398565861074736,6.00780839607537,1.88047883020911e-09,3.73803932467504e-07,"ENSG00000125872","LRRN4"
"ENSG00000140090",41.2589131271231,-2.93363983922539,0.490538348222034,-5.98044954050673,2.22522651506334e-09,4.35528180379013e-07,"ENSG00000140090","SLC24A4"
"ENSG00000102452",93.7110459996255,-2.63356083645021,0.44073774825238,-5.97534667019752,2.29601401841953e-09,4.42574096095959e-07,"ENSG00000102452","NALCN"
"ENSG00000144285",149.287496240507,2.71167394903122,0.454108026755881,5.97142923987327,2.35184063409198e-09,4.46568903685345e-07,"ENSG00000144285","SCN1A"
"ENSG00000184012",322.734410955315,2.00048208886712,0.335508040758477,5.96254588815416,2.48337878127335e-09,4.64610953755288e-07,"ENSG00000184012","TMPRSS2"
"ENSG00000081277",113.249154773854,-2.10533983748672,0.35377888296468,-5.95100481929247,2.66501237266635e-09,4.91366484131322e-07,"ENSG00000081277","PKP1"
"ENSG00000163739",263.852040651643,-1.67753730164704,0.282593466310692,-5.93622111490257,2.91666383060664e-09,5.30082817899681e-07,"ENSG00000163739","CXCL1"
"ENSG00000166828",188.631551894646,2.3306097966353,0.393223351351072,5.92693640555064,3.08638431292918e-09,5.53027904635001e-07,"ENSG00000166828","SCNN1G"
"ENSG00000126217",405.332583988984,1.84811014700725,0.312330311947954,5.9171655017436,3.27537074651251e-09,5.78739814404613e-07,"ENSG00000126217","MCF2L"
"ENSG00000274536",143.763903266605,-2.09142636129219,0.353758929787952,-5.9120100870551,3.37957836975437e-09,5.88972548219385e-07,"ENSG00000274536","MIR223HG"
"ENSG00000204305",347.248924270053,1.89780533648678,0.321513793598268,5.90271824809509,3.57560631016406e-09,6.14714371323071e-07,"ENSG00000204305","AGER"
"ENSG00000185303",947.783211806681,2.04897432681891,0.347784434491197,5.89150670246795,3.82690135103688e-09,6.4914451983855e-07,"ENSG00000185303","SFTPA2"
"ENSG00000102755",1256.13729987427,2.07952578490433,0.353156278881183,5.88840099768966,3.89950030532282e-09,6.52755827425222e-07,"ENSG00000102755","FLT1"
"ENSG00000264940",23.9865937813241,4.53683552906486,0.771085883190522,5.88369678134009,4.0120257020604e-09,6.62870012748214e-07,"ENSG00000264940","SNORD3C"
"ENSG00000156486",25.1842607893299,4.17744076206585,0.711197930135956,5.87380894270498,4.25894194158996e-09,6.94644351037275e-07,"ENSG00000156486","KCNS2"
"ENSG00000154258",152.915247858897,3.38940838811615,0.579702435204594,5.84680722778045,5.01097638336989e-09,8.06957487964959e-07,"ENSG00000154258","ABCA9"
"ENSG00000133800",267.82913933214,2.09742183878175,0.359107779345426,5.84064718008862,5.19984235112555e-09,8.26904929887741e-07,"ENSG00000133800","LYVE1"
"ENSG00000163735",537.891042897604,-1.82818476582683,0.314347416943961,-5.81580972924854,6.03410718853658e-09,9.47727304352621e-07,"ENSG00000163735","CXCL5"
"ENSG00000198963",56.2007345319426,2.83032757551947,0.487713412827104,5.80325966249944,6.50379521386186e-09,1.00904003305793e-06,"ENSG00000198963","RORB"
"ENSG00000155792",57.0848680066436,2.31339518972711,0.399621725986538,5.78896250952342,7.0822501476492e-09,1.08554682383606e-06,"ENSG00000155792","DEPTOR"
"ENSG00000182870",38.521879026873,-4.34050614107389,0.751366462777456,-5.77681644856631,7.61272547345983e-09,1.15296539849233e-06,"ENSG00000182870","GALNT9"
"ENSG00000161940",611.983945206856,1.86838168276837,0.32354622408777,5.77469784429173,7.70912995983627e-09,1.15383001587102e-06,"ENSG00000161940","BCL6B"
"ENSG00000197993",30.5027698948518,-2.89393334621641,0.504013388784345,-5.74177871186404,9.3687201314133e-09,1.36998686795218e-06,"ENSG00000197993","KEL"
"ENSG00000258819",29.1174594101121,3.53951172012796,0.616289765775714,5.74325896142837,9.28715296511812e-09,1.36998686795218e-06,"ENSG00000258819","LINC02289"
"ENSG00000179869",128.774723933808,-2.2241605537881,0.391183785504219,-5.68571765039098,1.30264462583715e-08,1.88320965112502e-06,"ENSG00000179869","ABCA13"
"ENSG00000077942",430.397469438122,1.88892470303943,0.332368892976578,5.68321748200587,1.32184001063315e-08,1.88948860845786e-06,"ENSG00000077942","FBLN1"
"ENSG00000154016",61.1995995118317,2.07882692368205,0.366370040302216,5.67411822748183,1.39404833783429e-08,1.97056477265865e-06,"ENSG00000154016","GRAP"
"ENSG00000091513",39.7127969782692,-2.71006917285281,0.478913642942052,-5.65878465312529,1.52448698667396e-08,2.1312663125787e-06,"ENSG00000091513","TF"
"ENSG00000118946",654.80004277268,1.72220487330442,0.305097880080862,5.64476184773219,1.65410054836215e-08,2.28733338872427e-06,"ENSG00000118946","PCDH17"
"ENSG00000131400",416.956929334313,1.99668777521312,0.354047823148551,5.63959907296295,1.70446560644642e-08,2.33163563927004e-06,"ENSG00000131400","NAPSA"
"ENSG00000188039",125.017797621126,-2.16028758972226,0.38385240693864,-5.62791205857303,1.82404036621715e-08,2.46866399351218e-06,"ENSG00000188039","NWD1"
"ENSG00000148735",139.861904357196,-2.50876145498641,0.445930406763213,-5.62590354220575,1.845394496397e-08,2.47127460875396e-06,"ENSG00000148735","PLEKHS1"
"ENSG00000110203",25.0836737770997,-3.54863641483607,0.631199342111716,-5.6220534117857,1.88700898446047e-08,2.50068003128189e-06,"ENSG00000110203","FOLR3"
"ENSG00000057149",28.8202462905583,-4.0452431534182,0.719995393964307,-5.61842921125512,1.92701315259033e-08,2.52736714713961e-06,"ENSG00000057149","SERPINB3"
"ENSG00000225342",26.5224353359685,3.38922703141716,0.605146374339805,5.60067311832562,2.13521044940699e-08,2.77185176911794e-06,"ENSG00000225342","LRRK2-DT"
"ENSG00000167191",228.281758519814,1.69306728383456,0.302830477302535,5.59080875516749,2.26014406889137e-08,2.90439927721576e-06,"ENSG00000167191","GPRC5B"
"ENSG00000285668",13.645358952288,7.22804477975162,1.29730482997044,5.57158550000644,2.524314277839e-08,3.20451585530228e-06,"ENSG00000285668","ENSG00000285668"
"ENSG00000107742",776.776660075082,1.94267615197395,0.34876063483309,5.5702277090523,2.544066195453e-08,3.20451585530228e-06,"ENSG00000107742","SPOCK2"
"ENSG00000134256",100.271858255469,-1.89863111850129,0.341373453380531,-5.5617421322591,2.67094763988587e-08,3.33135253672823e-06,"ENSG00000134256","CD101"
"ENSG00000197471",650.128948513191,-1.7558096988166,0.319003849943101,-5.50403921184579,3.71186933550395e-08,4.58469919284284e-06,"ENSG00000197471","SPN"
"ENSG00000162551",338.95809198869,2.28636495045418,0.415580454588782,5.5016180987543,3.76321406682073e-08,4.60342397673974e-06,"ENSG00000162551","ALPL"
"ENSG00000166396",23.2331384276085,-3.30212258630441,0.600969900421406,-5.49465552931841,3.91473788010392e-08,4.65451358043757e-06,"ENSG00000166396","SERPINB7"
"ENSG00000119457",33.6254326048286,3.76128214969336,0.684178336308605,5.49751716779994,3.85175826287882e-08,4.65451358043757e-06,"ENSG00000119457","SLC46A2"
"ENSG00000115641",155.769585763123,-1.56694725839994,0.285126344206174,-5.49562427408283,3.89330652244773e-08,4.65451358043757e-06,"ENSG00000115641","FHL2"
"ENSG00000169247",50.7935352383706,-2.44048792105592,0.447062056190002,-5.45894666582644,4.78967598578801e-08,5.64206091585139e-06,"ENSG00000169247","SH3TC2"
"ENSG00000206384",172.007680487659,2.75252113201363,0.504677013246206,5.45402516811443,4.92422277928868e-08,5.74733598147803e-06,"ENSG00000206384","COL6A6"
"ENSG00000130598",66.1552010324415,-2.05570860795603,0.379148628320958,-5.42190701588356,5.896655455191e-08,6.8197500637218e-06,"ENSG00000130598","TNNI2"
"ENSG00000011201",387.864471007619,1.38475939527496,0.255754462696163,5.41440951089114,6.14912903792114e-08,7.02704471838918e-06,"ENSG00000011201","ANOS1"
"ENSG00000134398",29.1831882111713,-2.82146410604221,0.521206826978727,-5.41332914305317,6.18636227369587e-08,7.02704471838918e-06,"ENSG00000134398","ERN2"
"ENSG00000115457",244.663304385814,-1.50278850555622,0.278434631111853,-5.39727583294951,6.76603282918759e-08,7.55065523271268e-06,"ENSG00000115457","IGFBP2"
"ENSG00000172889",309.038266670156,1.89543260279264,0.35113514741271,5.39801445898786,6.73824383787181e-08,7.55065523271268e-06,"ENSG00000172889","EGFL7"
"ENSG00000149043",63.2789276169311,-2.09611619637487,0.388648672446499,-5.39334454220584,6.91581608500541e-08,7.65069671595121e-06,"ENSG00000149043","SYT8"
"ENSG00000161249",523.628267376547,1.61934729324915,0.300362323895618,5.39131297243493,6.99447321550997e-08,7.67100760756188e-06,"ENSG00000161249","DMKN"
"ENSG00000237541",53.9410246704778,-2.21976715917444,0.412499352495983,-5.38126216621407,7.39653801022757e-08,8.04262876633463e-06,"ENSG00000237541","HLA-DQA2"
"ENSG00000064655",117.027486496842,-1.88098874073942,0.350236258886244,-5.37062823455514,7.84628151754467e-08,8.38826835850448e-06,"ENSG00000064655","EYA2"
"ENSG00000165507",328.533893305668,1.81869577049069,0.338582238151567,5.3715037753296,7.808273325732e-08,8.38826835850448e-06,"ENSG00000165507","DEPP1"
"ENSG00000267123",25.0752254814914,-2.90027051198574,0.54184147485613,-5.35261814861224,8.66906630454746e-08,9.1906551272044e-06,"ENSG00000267123","SCAT1"
"ENSG00000138675",23.2716189989958,-3.71480692933611,0.695714151969729,-5.33955924113176,9.31728210066857e-08,9.79623660204178e-06,"ENSG00000138675","FGF5"
"ENSG00000144583",20.1360481729645,-3.65673374014492,0.686649945138508,-5.32547008273234,1.00692289059993e-07,1.0500059847715e-05,"ENSG00000144583","MARCHF4"
"ENSG00000204301",440.91072926519,1.8076157898151,0.340065395243994,5.31549465219228,1.06367973927934e-07,1.10017346691966e-05,"ENSG00000204301","NOTCH4"
"ENSG00000073754",19.7861996982747,-3.31288483559362,0.625112539084638,-5.29966146646927,1.16017595149676e-07,1.19030310120498e-05,"ENSG00000073754","CD5L"
"ENSG00000177272",199.464212177785,-1.50427200496167,0.283983963697983,-5.29703151323524,1.17700388815164e-07,1.19790747720521e-05,"ENSG00000177272","KCNA3"
"ENSG00000168477",537.236752917833,2.48468966008566,0.469363635380376,5.29374129734624,1.19838934463149e-07,1.20999279701602e-05,"ENSG00000168477","TNXB"
"ENSG00000256001",18.1075087083579,3.87657140247157,0.73293239468499,5.28912547812503,1.22902559569408e-07,1.23115461641103e-05,"ENSG00000256001","ENSG00000256001"
"ENSG00000105855",412.74474817171,-2.07394103326127,0.394668948476967,-5.25488777686878,1.48114758105741e-07,1.47212183798534e-05,"ENSG00000105855","ITGB8"
"ENSG00000185760",92.8613506987366,-2.11231450357928,0.403613146582081,-5.23351263819575,1.66318628997989e-07,1.64023689776157e-05,"ENSG00000185760","KCNQ5"
"ENSG00000012223",57.4443404754077,-2.42092054152341,0.464191992452998,-5.2153431788648,1.83477229007316e-07,1.75503556949705e-05,"ENSG00000012223","LTF"
"ENSG00000290681",17.6041552380876,4.07048089715889,0.780270979745891,5.21675290100435,1.82086906946454e-07,1.75503556949705e-05,"ENSG00000290681","ECEL1P2"
"ENSG00000198844",316.49564105998,1.79567860420563,0.344285800413466,5.21566269084908,1.83161217487636e-07,1.75503556949705e-05,"ENSG00000198844","ARHGEF15"
"ENSG00000197766",106.640191746646,1.66397141622641,0.318978202891777,5.21656778156394,1.82268896252108e-07,1.75503556949705e-05,"ENSG00000197766","CFD"
"ENSG00000166482",122.49217849704,1.80738144441002,0.348455185724779,5.18684042727246,2.1389185214202e-07,2.03069562906774e-05,"ENSG00000166482","MFAP4"
"ENSG00000233251",19.764122523089,3.4564505533127,0.668235878494243,5.17250070603995,2.30981626550364e-07,2.17670240961017e-05,"ENSG00000233251","ENSG00000233251"
"ENSG00000112782",407.21408922787,1.45577678485031,0.281646158706462,5.16881462731949,2.35583422438234e-07,2.20374433842589e-05,"ENSG00000112782","CLIC5"
"ENSG00000115590",50.2232580529021,2.21467165934719,0.430248854992986,5.14742022819164,2.64093253135198e-07,2.45240464699707e-05,"ENSG00000115590","IL1R2"
"ENSG00000104321",24.0259083225073,-3.92910688100863,0.764072938264857,-5.1423191219562,2.71367659848146e-07,2.50169519462907e-05,"ENSG00000104321","TRPA1"
"ENSG00000131386",287.466775078883,2.06825524933138,0.403779083386329,5.12224464919227,3.01919807105466e-07,2.76332646474514e-05,"ENSG00000131386","GALNT15"
"ENSG00000140538",83.992183215287,2.10836157904398,0.412920284351866,5.10597725261508,3.29089280073746e-07,2.96927221354482e-05,"ENSG00000140538","NTRK3"
"ENSG00000112902",461.471098122586,1.36917420627169,0.268123090812718,5.10651358717943,3.28157024949869e-07,2.96927221354482e-05,"ENSG00000112902","SEMA5A"
"ENSG00000280285",60.144173879593,2.49405246892792,0.489991998369076,5.08998611656783,3.5808973130783e-07,3.20818138147762e-05,"ENSG00000280285","ENSG00000280285"
"ENSG00000147257",125.166302322647,1.82741892772189,0.359497781094574,5.08325509592268,3.71020871270124e-07,3.30078847853043e-05,"ENSG00000147257","GPC3"
"ENSG00000101938",114.516237426299,2.05362754757959,0.406233807452869,5.05528469049896,4.29749216950428e-07,3.79671495697455e-05,"ENSG00000101938","CHRDL1"
"ENSG00000159387",18.0789605290249,3.66569241757165,0.725494642034839,5.05268020628003,4.35652989175314e-07,3.822329191923e-05,"ENSG00000159387","IRX6"
"ENSG00000110680",26.3049650502698,-4.45111803182992,0.886247198250274,-5.02243396720216,5.10207410165564e-07,4.44579361104542e-05,"ENSG00000110680","CALCA"
"ENSG00000138722",27.8730435422548,3.71140489418772,0.740415632082351,5.01259661921202,5.3700395584377e-07,4.64745872533636e-05,"ENSG00000138722","MMRN1"
"ENSG00000168621",18.8224848837917,-3.73422937236646,0.747274663525197,-4.99713098093089,5.8189546679131e-07,5.00194197872908e-05,"ENSG00000168621","GDNF"
"ENSG00000037280",482.283547162812,1.79474158501843,0.359761858990537,4.98869332634187,6.07890582907452e-07,5.19032482936148e-05,"ENSG00000037280","FLT4"
"ENSG00000287037",15.6773275837557,-3.89678760532167,0.781706146306978,-4.98497756955258,6.19690015126024e-07,5.22099097512137e-05,"ENSG00000287037","ENSG00000287037"
"ENSG00000114646",45.0754106002074,2.19267258510666,0.439809297913064,4.9855075722844,6.17993587538353e-07,5.22099097512137e-05,"ENSG00000114646","CSPG5"
"ENSG00000150625",24.0400509932701,2.82691749022129,0.568025165695372,4.9767469135995,6.46617776832879e-07,5.41202062951835e-05,"ENSG00000150625","GPM6A"
"ENSG00000169282",48.6678387487052,-2.22790908519503,0.447823023553018,-4.97497664929964,6.52555055734584e-07,5.42601661376169e-05,"ENSG00000169282","KCNAB1"
"ENSG00000180447",67.310161099744,2.56471301105978,0.515943389809409,4.97091941037793,6.66361453644354e-07,5.50483793069057e-05,"ENSG00000180447","GAS1"
"ENSG00000132622",190.413431678877,1.76144081349089,0.354653791361729,4.96664876111337,6.81198028854163e-07,5.56028333488332e-05,"ENSG00000132622","HSPA12B"
"ENSG00000188910",87.7216273970246,-2.04731679269807,0.412227483620936,-4.96647330429011,6.81814337558401e-07,5.56028333488332e-05,"ENSG00000188910","GJB3"
"ENSG00000158315",101.048607058185,-1.56721287469732,0.315806430215922,-4.96257430105458,6.95649409729098e-07,5.63697566278573e-05,"ENSG00000158315","RHBDL2"
"ENSG00000138411",383.359946982893,1.38169975615753,0.279855607543152,4.93718803166907,7.92570471282694e-07,6.38169717446736e-05,"ENSG00000138411","HECW2"
"ENSG00000116690",49.9901237396896,2.27443223248211,0.46083179234183,4.93549331942577,7.99484173890927e-07,6.39687903159772e-05,"ENSG00000116690","PRG4"
"ENSG00000105707",68.8527494858762,2.60013545291744,0.527325944837734,4.93079371188068,8.1896181526536e-07,6.51177013362869e-05,"ENSG00000105707","HPN"
"ENSG00000076864",176.406232270603,1.84246089187737,0.374088963886193,4.92519445839062,8.42765015965016e-07,6.65941399571859e-05,"ENSG00000076864","RAP1GAP"
"ENSG00000153093",184.791437312453,1.53679852152054,0.312618580140701,4.91588990273346,8.83800591862923e-07,6.94056242572846e-05,"ENSG00000153093","ACOXL"
"ENSG00000153404",81.5895732420346,-1.58562582479203,0.325209006746436,-4.87571313185779,1.08416067521792e-06,8.46177430068858e-05,"ENSG00000153404","PLEKHG4B"
"ENSG00000169242",316.448612194643,1.47691645908898,0.303889256333273,4.86004828505439,1.17357126221595e-06,9.10376438897033e-05,"ENSG00000169242","EFNA1"
"ENSG00000144476",276.083184161438,1.39096097142922,0.286826801300505,4.8494804708711,1.2378525530751e-06,9.54421829104329e-05,"ENSG00000144476","ACKR3"
"ENSG00000104415",208.027087148826,1.61948439056641,0.335260204295566,4.83052974918153,1.3617026613852e-06,0.000104358923241822,"ENSG00000104415","CCN4"
"ENSG00000166265",27.0026298020584,2.76634950773153,0.573543152181127,4.82326307482075,1.41228500224112e-06,0.000107587364062943,"ENSG00000166265","CYYR1"
"ENSG00000137440",103.822260788747,-1.93236936097879,0.402239118156471,-4.80403141751891,1.55502413000048e-06,0.000117756053463489,"ENSG00000137440","FGFBP1"
"ENSG00000229236",14.0103416075936,-4.3427084337735,0.905117903674657,-4.79794777690585,1.60299557573523e-06,0.000120670471683453,"ENSG00000229236","TTTY10"
"ENSG00000172264",118.129416411965,2.20279493901628,0.459759791873238,4.79118656731865,1.65797866716134e-06,0.000124075321197803,"ENSG00000172264","MACROD2"
"ENSG00000167165",20.59848016011,-3.10837289077924,0.649673703124475,-4.78451394266098,1.71401600013782e-06,0.00012677739275438,"ENSG00000167165","UGT1A6"
"ENSG00000124664",49.8223691228712,-2.14153505978544,0.447524913278125,-4.78528679911622,1.70743345134631e-06,0.00012677739275438,"ENSG00000124664","SPDEF"
"ENSG00000173269",210.725824998085,1.58116838165395,0.33062279295135,4.78239375918227,1.73219942692698e-06,0.000127381740516561,"ENSG00000173269","MMRN2"
"ENSG00000101311",183.901514033355,-1.74327557783128,0.366269181036644,-4.75954753522349,1.94027426668526e-06,0.000141863041498678,"ENSG00000101311","FERMT1"
"ENSG00000290376",14.1720796711519,6.30354882555494,1.32678928677311,4.75097959291323,2.02433563684956e-06,0.000147163416982858,"ENSG00000290376","HERC2P3"
"ENSG00000143355",12.8284635508608,6.15853848345246,1.2988880411184,4.74139285950286,2.12253895412235e-06,0.000153425798717866,"ENSG00000143355","LHX9"
"ENSG00000162949",180.922226067394,-1.72898832814426,0.365117216748901,-4.73543357812493,2.18587286687287e-06,0.000157111156002015,"ENSG00000162949","CAPN13"
"ENSG00000115008",25.7100888648539,-3.03388731635507,0.641798730818207,-4.72716315983871,2.27678314907423e-06,0.000162726040575968,"ENSG00000115008","IL1A"
"ENSG00000054938",41.402919680122,2.48851062825092,0.526784068135937,4.7239671409515,2.31287803625948e-06,0.000164382314956945,"ENSG00000054938","CHRDL2"
"ENSG00000164659",185.644062810001,1.60820096845577,0.340866191864834,4.71798320524987,2.38194152227538e-06,0.000168350333591041,"ENSG00000164659","ELAPOR2"
"ENSG00000019186",97.0120062476249,-1.8801592296193,0.398705547266309,-4.71565856685581,2.4093017071993e-06,0.000169343294580053,"ENSG00000019186","CYP24A1"
"ENSG00000223914",17.6303205788119,3.62612400302237,0.76923312985503,4.71394673771494,2.42964196864356e-06,0.000169834643544414,"ENSG00000223914","LINC02471"
"ENSG00000211659",33.1902595376387,2.45888325467379,0.522678220914096,4.70439202607968,2.54623575930914e-06,0.00017664270846302,"ENSG00000211659","IGLV3-25"
"ENSG00000169429",538.808748076771,-1.53153299135883,0.32560132442227,-4.70370627047141,2.55480729108596e-06,0.00017664270846302,"ENSG00000169429","CXCL8"
"ENSG00000080031",39.8956375744182,-2.21701389627897,0.472387641847547,-4.6932089239423,2.68952567936122e-06,0.000184248887139237,"ENSG00000080031","PTPRH"
"ENSG00000007174",473.417834483785,-1.77196677221834,0.377585761903725,-4.69288556667067,2.69378187454002e-06,0.000184248887139237,"ENSG00000007174","DNAH9"
"ENSG00000091879",366.375679808524,1.57101283714782,0.335183986427171,4.68701638730934,2.77216777568177e-06,0.000188596355306008,"ENSG00000091879","ANGPT2"
"ENSG00000172752",36.8968530733117,2.99416249053122,0.639658229813302,4.68087855510767,2.85648125383314e-06,0.000193298694208858,"ENSG00000172752","COL6A5"
"ENSG00000263503",7.56342406764541,6.37672445325223,1.36342743625043,4.67698117531572,2.91128971404031e-06,0.000195965226148258,"ENSG00000263503","MAPK8IP1P2"
"ENSG00000223784",16.4821390166181,-3.34088146237952,0.714852735026167,-4.67352406822257,2.96074990844505e-06,0.000198245580711779,"ENSG00000223784","LINP1"
"ENSG00000008853",717.583052949528,1.61104459390004,0.345413785921835,4.66410044868506,3.0996995340545e-06,0.00020646270927875,"ENSG00000008853","RHOBTB2"
"ENSG00000154065",85.8228609946206,1.7851886973907,0.384635469100876,4.64124824879972,3.46310765955261e-06,0.000229413663895812,"ENSG00000154065","ANKRD29"
"ENSG00000174080",118.396271340283,1.69808976271048,0.365950043710131,4.64022287166478,3.48033619964563e-06,0.000229413663895812,"ENSG00000174080","CTSF"
"ENSG00000102934",86.8735774753645,1.74324804370741,0.376002725235324,4.63626438509558,3.54762154036748e-06,0.000232643511528634,"ENSG00000102934","PLLP"
"ENSG00000136237",1043.53358332615,1.75697600236383,0.379542483691489,4.62919456413734,3.67090740756182e-06,0.000238271857341844,"ENSG00000136237","RAPGEF5"
"ENSG00000139629",249.573344716542,-1.33962191553253,0.289357686307829,-4.62963998857594,3.66302022045082e-06,0.000238271857341844,"ENSG00000139629","GALNT6"
"ENSG00000165238",152.142525631831,-2.0727422818358,0.448376378541553,-4.62277314558332,3.78643737944286e-06,0.000244523128635898,"ENSG00000165238","WNK2"
"ENSG00000131781",98.9781929699514,1.58520282292227,0.343213021501767,4.61871410352101,3.86125432130954e-06,0.000248095340786363,"ENSG00000131781","FMO5"
"ENSG00000198203",55.3152875199663,1.74666755771884,0.378424135553376,4.61563466390604,3.91895824806902e-06,0.000250537622271026,"ENSG00000198203","SULT1C2"
"ENSG00000121361",83.9456852296815,1.55861908032132,0.337922670482379,4.61235429424258,3.98133620097084e-06,0.000253252795743755,"ENSG00000121361","KCNJ8"
"ENSG00000150048",48.7155732418788,1.88428237635017,0.408800369955053,4.60929714069815,4.0403254062206e-06,0.000255726466755913,"ENSG00000150048","CLEC1A"
"ENSG00000290696",31.8890419326684,2.22872796894299,0.484377155639342,4.60122436203918,4.20014705960277e-06,0.000264526093526071,"ENSG00000290696","POM121L9P"
"ENSG00000155066",245.469954878203,-1.66183101765875,0.362276801962142,-4.58718584424407,4.49260734056872e-06,0.000281551480722735,"ENSG00000155066","PROM2"
"ENSG00000288828",14.3454548324111,-3.51854701083535,0.767339255079,-4.58538643441759,4.53147530477945e-06,0.000282298017301491,"ENSG00000288828","ENSG00000288828"
"ENSG00000170786",188.799371127642,1.42105698544286,0.309964176163983,4.58458458983683,4.54889903685e-06,0.000282298017301491,"ENSG00000170786","SDR16C5"
"ENSG00000109956",31.7057383559903,-2.81607149349992,0.618070592568951,-4.556229542964,5.20800217106046e-06,0.000321632056408889,"ENSG00000109956","B3GAT1"
"ENSG00000050438",174.323407102718,-1.35399630029584,0.298474754765107,-4.53638466463072,5.72267619758457e-06,0.000351709597032227,"ENSG00000050438","SLC4A8"
"ENSG00000182782",31.1976966283898,-2.41238177403754,0.532771172907723,-4.52798855627155,5.95478057493961e-06,0.000364214992665297,"ENSG00000182782","HCAR2"
"ENSG00000007402",282.329522513982,2.11154854647283,0.466716897109157,4.52425990906212,6.0607208717463e-06,0.000368921009236155,"ENSG00000007402","CACNA2D2"
"ENSG00000215910",15.8024223854607,3.10019554779171,0.68549029045029,4.52259585727353,6.10858072462528e-06,0.000370063637993728,"ENSG00000215910","C1orf167"
"ENSG00000138271",20.9095100210612,-3.26185660689114,0.724600553311429,-4.5015927630533,6.7446116818933e-06,0.00040665852993861,"ENSG00000138271","GPR87"
"ENSG00000122641",815.302733202182,-1.20597871545664,0.268191564006616,-4.4967063745036,6.90141910066718e-06,0.000414150253767396,"ENSG00000122641","INHBA"
"ENSG00000163687",12.5066500037687,3.82387648082358,0.851776134007115,4.48929751393062,7.14584361135272e-06,0.000426804800110936,"ENSG00000163687","DNASE1L3"
"ENSG00000285108",48.2879708547771,-1.93021823860871,0.431264689376578,-4.47571592610321,7.61556876096855e-06,0.000452734886808607,"ENSG00000285108","ENSG00000285108"
"ENSG00000120278",932.37109072771,1.14391369815431,0.255763427651033,4.47254601121112,7.72937620638327e-06,0.000457363367895851,"ENSG00000120278","PLEKHG1"
"ENSG00000168447",136.449641223447,1.61227961829016,0.362002927364141,4.45377508416764,8.43734863562838e-06,0.000496944209918816,"ENSG00000168447","SCNN1B"
"ENSG00000175264",46.2274083250375,1.87460095417134,0.42418793634918,4.41926984134745,9.90349292626904e-06,0.000580609387133617,"ENSG00000175264","CHST1"
"ENSG00000142973",309.509955377096,1.36804089082598,0.310081542729193,4.41187462750966,1.02479451122958e-05,0.000598047512470765,"ENSG00000142973","CYP4B1"
"ENSG00000182585",11.7093878867384,-4.50538711165049,1.02252947337636,-4.4061195583672,1.05238891341036e-05,0.000611346655543679,"ENSG00000182585","EPGN"
"ENSG00000186998",48.5048336546865,2.0262317604739,0.460025406615786,4.40460837887203,1.05975149392248e-05,0.000612825386621899,"ENSG00000186998","EMID1"
"ENSG00000171227",62.3659688742408,1.71933018796836,0.390637107148488,4.40134886447132,1.07579990919209e-05,0.000619290789354832,"ENSG00000171227","TMEM37"
"ENSG00000151572",13.1850261219153,-3.38541607389413,0.770955643093111,-4.39119436276732,1.12729713437845e-05,0.000646012348809128,"ENSG00000151572","ANO4"
"ENSG00000169291",249.819700711777,1.22779329126067,0.279729267336558,4.38921998742251,1.13757949254676e-05,0.000648981448617931,"ENSG00000169291","SHE"
"ENSG00000001617",717.542955541666,1.55572331159751,0.354628975413092,4.38690411516802,1.1497544394659e-05,0.000650096710172672,"ENSG00000001617","SEMA3F"
"ENSG00000242265",1645.29173344196,1.33550302991712,0.304366408049341,4.38781348597647,1.14495895959469e-05,0.000650096710172672,"ENSG00000242265","PEG10"
"ENSG00000198807",25.188125671147,-2.50300468556268,0.571060114521834,-4.38308441075162,1.17010749179484e-05,0.000658677323478492,"ENSG00000198807","PAX9"
"ENSG00000162878",121.180314299356,1.68665712189627,0.385269108263343,4.37786753653601,1.1984614963206e-05,0.000671666394545846,"ENSG00000162878","PKDCC"
"ENSG00000124466",31.6486331643195,-2.32922926734206,0.532278106275204,-4.37596294095512,1.20897555250009e-05,0.00067458714819764,"ENSG00000124466","LYPD3"
"ENSG00000142623",18.1307983431333,-2.78390359763491,0.638942847697815,-4.35704634251035,1.31829363587986e-05,0.000732372560509328,"ENSG00000142623","PADI1"
"ENSG00000087237",14.1342270608752,3.09214981876625,0.710003831646282,4.35511708661699,1.32995810424416e-05,0.000732455714380699,"ENSG00000087237","CETP"
"ENSG00000186431",60.3947765272117,-1.82165507843821,0.418194442932623,-4.35600020331142,1.32460652763338e-05,0.000732455714380699,"ENSG00000186431","FCAR"
"ENSG00000167646",33.7589137294678,-2.04789198645265,0.472538552622075,-4.33380932643289,1.4655111815561e-05,0.000803630743610205,"ENSG00000167646","DNAAF3"
"ENSG00000132259",36.4084128960783,-2.09640755123715,0.484268089823985,-4.32902269484476,1.49772500584161e-05,0.000817770709198153,"ENSG00000132259","CNGA4"
"ENSG00000163873",20.6929646252517,-4.31863409017838,1.00133169411697,-4.31289063908718,1.61133832984373e-05,0.00087231686094774,"ENSG00000163873","GRIK3"
"ENSG00000163710",72.7012445286885,-1.50874601822868,0.349760434900972,-4.31365548437706,1.60577113901132e-05,0.00087231686094774,"ENSG00000163710","PCOLCE2"
"ENSG00000185112",240.999664737765,1.41125963877506,0.327697656199491,4.30659057846889,1.65790059131025e-05,0.000893720818756315,"ENSG00000185112","FAM43A"
"ENSG00000233922",44.0793322108539,1.94684197624357,0.452208791207594,4.30518383122242,1.66847126326976e-05,0.00089562411018219,"ENSG00000233922","LINC01694"
"ENSG00000184730",454.766143787846,-1.32422145390006,0.307977062099007,-4.2997405224755,1.70998201372604e-05,0.000914050049521963,"ENSG00000184730","APOBR"
"ENSG00000088882",81.2247238373845,1.92114290722486,0.448312876530291,4.28527264729379,1.82515213863542e-05,0.00097153077438158,"ENSG00000088882","CPXM1"
"ENSG00000290853",5.94203164003876,-6.0326766108397,1.41043569150588,-4.2771723994015,1.8928221423673e-05,0.0010033534706332,"ENSG00000290853","ENSG00000290853"
"ENSG00000171811",169.95389414964,-1.52325232760715,0.356226345395263,-4.27607993428159,1.90212950722805e-05,0.00100410338551682,"ENSG00000171811","CFAP46"
"ENSG00000152580",210.039307474936,1.77197763044552,0.415084993162826,4.268951322339,1.96394118368147e-05,0.00103244874953701,"ENSG00000152580","IGSF10"
"ENSG00000198759",107.320391431493,1.81831947520508,0.427006278039586,4.25829681838193,2.05990324958391e-05,0.00107843988235418,"ENSG00000198759","EGFL6"
"ENSG00000157510",1006.68239849925,1.20560138932248,0.283237936129778,4.25649687254492,2.07654940107671e-05,0.00108269924100401,"ENSG00000157510","AFAP1L1"
"ENSG00000163492",68.4094422683851,2.11078795107439,0.496041537856243,4.25526450909059,2.08802024839755e-05,0.00108423647347403,"ENSG00000163492","CCDC141"
"ENSG00000273100",14.9692059886898,2.85967159709108,0.672291682732624,4.25361739634728,2.10344581092779e-05,0.00108780640677331,"ENSG00000273100","ENSG00000273100"
"ENSG00000056736",85.4411443065362,-1.65768397442077,0.389827079751236,-4.25235716174104,2.11532137374955e-05,0.00108951896829319,"ENSG00000056736","IL17RB"
"ENSG00000007171",47.9912441254113,1.8569479129005,0.437466408677376,4.2447782871255,2.18809661357024e-05,0.00112245827088067,"ENSG00000007171","NOS2"
"ENSG00000158258",111.969392877172,-1.57591815747365,0.371883461277898,-4.23766669283528,2.25854724889786e-05,0.0011539453052401,"ENSG00000158258","CLSTN2"
"ENSG00000163520",396.558028662837,1.79571430851206,0.424150201049513,4.2336754858745,2.29902628648309e-05,0.00116992849666552,"ENSG00000163520","FBLN2"
"ENSG00000120156",214.769655450866,1.29147297952532,0.305528612910152,4.22701156276026,2.36815502731485e-05,0.00120030550826691,"ENSG00000120156","TEK"
"ENSG00000133246",149.730089749331,-1.5335726121528,0.363202780919493,-4.22235922387589,2.4175839656665e-05,0.00122049615917497,"ENSG00000133246","PRAM1"
"ENSG00000048052",144.948594376792,-1.62060590616434,0.384840002411906,-4.21111603785346,2.54112169750948e-05,0.0012777924994354,"ENSG00000048052","HDAC9"
"ENSG00000170439",38.8058174826123,2.07793797155087,0.493941172753344,4.20685313590675,2.58951305720924e-05,0.00129699941392976,"ENSG00000170439","METTL7B"
"ENSG00000125999",411.728345589954,-1.4375224188639,0.342299047865943,-4.19960975008872,2.67375408074595e-05,0.00133394115353922,"ENSG00000125999","BPIFB1"
"ENSG00000153976",88.9990259765577,-1.41087219274436,0.336086710672407,-4.19794103111557,2.69352742738601e-05,0.00133855687231269,"ENSG00000153976","HS3ST3A1"
"ENSG00000213853",900.061454368397,1.02888130019816,0.245408685547719,4.19252194722379,2.75870383634187e-05,0.00136561207027009,"ENSG00000213853","EMP2"
"ENSG00000117834",11.1602641636163,5.03808492842564,1.20349963928637,4.18619562812086,2.83668885601858e-05,0.00139877347388637,"ENSG00000117834","SLC5A9"
"ENSG00000273906",9.05801835511552,-5.65319930191158,1.35206566394109,-4.18115735994159,2.90029050972168e-05,0.001424613739949,"ENSG00000273906","ENSG00000273906"
"ENSG00000005108",47.2850706931742,1.88611203654875,0.451726603050583,4.17533973826543,2.97541663588959e-05,0.00145589424776105,"ENSG00000005108","THSD7A"
"ENSG00000153902",18.9277662688061,2.42751666879982,0.583507245449303,4.16021684003361,3.17945585046632e-05,0.00154977154519665,"ENSG00000153902","LGI4"
"ENSG00000127249",534.414294286279,1.33752821425514,0.322164042002453,4.15169925837023,3.30015753746981e-05,0.00160246580884316,"ENSG00000127249","ATP13A4"
"ENSG00000140092",284.108817309857,1.25298878489863,0.302314917919408,4.14464755335908,3.40336754527685e-05,0.00164629817152137,"ENSG00000140092","FBLN5"
"ENSG00000197696",68.304172071075,1.43101462165582,0.345499433429372,4.1418725566401,3.44481750553052e-05,0.00166003667823331,"ENSG00000197696","NMB"
"ENSG00000178965",180.92860207685,-1.82379275440651,0.440716173507586,-4.13824784303071,3.49968214217936e-05,0.00167379534634608,"ENSG00000178965","ERICH3"
"ENSG00000221866",147.652772374495,-1.35105167175118,0.326458248708209,-4.13851289436636,3.49564229700048e-05,0.00167379534634608,"ENSG00000221866","PLXNA4"
"ENSG00000122176",638.217301237497,1.62926597940575,0.39449261943946,4.13002905281421,3.62717394486083e-05,0.0017282736676599,"ENSG00000122176","FMOD"
"ENSG00000092377",11.0284791687488,-4.41657082841222,1.06984358897755,-4.12823974823567,3.65550866309065e-05,0.00173527541835221,"ENSG00000092377","TBL1Y"
"ENSG00000181409",221.17823918093,1.77430590823003,0.430906298582772,4.1176142332234,3.82814789829092e-05,0.00181047202832926,"ENSG00000181409","AATK"
"ENSG00000140481",48.2489401434731,-2.05373148439696,0.499186301604343,-4.1141583368703,3.88594646333859e-05,0.00183100040394791,"ENSG00000140481","CCDC33"
"ENSG00000109625",11.000846918378,4.41104982090378,1.07313312534181,4.1104404632918,3.94905095715049e-05,0.00185386812829773,"ENSG00000109625","CPZ"
"ENSG00000139973",16.0079298620114,-2.96990021354275,0.724049422649615,-4.10179211617155,4.0996251990886e-05,0.00191747910966195,"ENSG00000139973","SYT16"
"ENSG00000067646",90.9539383149639,-4.59042842591235,1.11950551075331,-4.1004071724698,4.12423846889441e-05,0.00192192534070603,"ENSG00000067646","ZFY"
"ENSG00000168878",1720.58528285146,1.2904801314629,0.314909110384187,4.09794473677984,4.16834762266866e-05,0.00193539118451061,"ENSG00000168878","SFTPB"
"ENSG00000105974",511.384014871313,1.01332982873555,0.247410117096539,4.09574935991864,4.20805008208675e-05,0.00194672047797482,"ENSG00000105974","CAV1"
"ENSG00000101134",47.358237765806,-1.77769698246332,0.434471072257285,-4.09163485436978,4.28342739669961e-05,0.00197441171524683,"ENSG00000101134","DOK5"
"ENSG00000184226",104.841996076158,1.97397037408529,0.483221991527684,4.08501767033548,4.40734624172444e-05,0.00202419707174073,"ENSG00000184226","PCDH9"
"ENSG00000169213",118.118204480108,-1.67609240732961,0.410715587758738,-4.08090770665898,4.48601665758344e-05,0.00205291740711426,"ENSG00000169213","RAB3B"
"ENSG00000158055",21.261459541369,-2.13290870684273,0.524445883658608,-4.06697578015727,4.76271908523726e-05,0.00217173162015729,"ENSG00000158055","GRHL3"
"ENSG00000157399",16.9209750792308,2.78503978324558,0.686328858976828,4.05787946524278,4.95203134945762e-05,0.0022483930078486,"ENSG00000157399","ARSL"
"ENSG00000158486",301.489122629762,-1.78096144244677,0.438961827844801,-4.05721256262957,4.96618798306443e-05,0.0022483930078486,"ENSG00000158486","DNAH3"
"ENSG00000135643",44.1055472406324,1.63877513080903,0.404805739073702,4.04830014159127,5.1590961127204e-05,0.00232744754418542,"ENSG00000135643","KCNMB4"
"ENSG00000232234",10.2096379825581,3.85497835970375,0.952771132210814,4.04606964818365,5.20847422890288e-05,0.00234142081767147,"ENSG00000232234","ENSG00000232234"
"ENSG00000129451",126.570137527065,-1.44505559484025,0.357355738566721,-4.04374531842155,5.26040601331247e-05,0.00235643962328737,"ENSG00000129451","KLK10"
"ENSG00000275410",95.5957413064357,1.37743646396563,0.341041670277042,4.03890956447251,5.37002628952345e-05,0.00239710436685324,"ENSG00000275410","HNF1B"
"ENSG00000165457",63.4836360464502,1.68962450065882,0.419267188133975,4.0299468894258,5.57894566639322e-05,0.00248165548139351,"ENSG00000165457","FOLR2"
"ENSG00000163945",715.808199646746,1.29791679540186,0.32260892188049,4.02318940169505,5.74152868022923e-05,0.0025286511708015,"ENSG00000163945","UVSSA"
"ENSG00000145491",51.3871822673094,-1.7656433959311,0.438878639243107,-4.02307890622369,5.74422408710605e-05,0.0025286511708015,"ENSG00000145491","ROPN1L"
"ENSG00000163885",93.0517942888829,-1.49935847778087,0.372539419562907,-4.02469751936596,5.70485947299545e-05,0.0025286511708015,"ENSG00000163885","CFAP100"
"ENSG00000080709",63.6046348507258,1.69655675893859,0.422138894807855,4.01895390310056,5.84571052575834e-05,0.00256445273478268,"ENSG00000080709","KCNN2"
"ENSG00000175318",109.188849716996,1.49810735379906,0.372849936503838,4.0179901003782,5.86966625313292e-05,0.00256611319836279,"ENSG00000175318","GRAMD2A"
"ENSG00000159625",104.150327929094,-1.40168873185671,0.349601294450362,-4.00939228231527,6.0875214524786e-05,0.00265224136706961,"ENSG00000159625","DRC7"
"ENSG00000136114",129.331356679836,1.27805654923135,0.319306664419721,4.00259904237818,6.26504271922538e-05,0.00272026871924864,"ENSG00000136114","THSD1"
"ENSG00000211962",34.0262996593775,2.01049579803413,0.502993636891744,3.99706010290311,6.41340216727078e-05,0.0027752143663952,"ENSG00000211962","IGHV1-46"
"ENSG00000136352",290.293475426097,1.08419846478389,0.271314291253111,3.99609788255657,6.43951171506447e-05,0.00277706671318814,"ENSG00000136352","NKX2-1"
"ENSG00000119866",122.778130530554,-1.25928895209151,0.31523138758688,-3.99480826364233,6.47466293341084e-05,0.00278279262969097,"ENSG00000119866","BCL11A"
"ENSG00000198125",11.3723654875654,-3.14935344380988,0.788882422177911,-3.99217089298971,6.54711617385849e-05,0.00280445831528039,"ENSG00000198125","MB"
"ENSG00000170989",385.91629597149,1.22924898239989,0.308599745609885,3.98331171651008,6.79615188388343e-05,0.0029013639015693,"ENSG00000170989","S1PR1"
"ENSG00000088387",1466.72407238041,1.06961129017151,0.269512691707823,3.96868616239814,7.22699869060613e-05,0.00307497917531409,"ENSG00000088387","DOCK9"
"ENSG00000149150",122.322548485403,1.46672192370652,0.36989000334121,3.96529214214401,7.33061086672176e-05,0.00310866771488114,"ENSG00000149150","SLC43A1"
"ENSG00000175267",88.5617056563758,-1.53906402237825,0.389284731118113,-3.95356894157578,7.69940658512873e-05,0.00325421430485075,"ENSG00000175267","VWA3A"
"ENSG00000175084",240.755852759348,1.13316496099443,0.286993660688398,3.9483971815836,7.86761938992019e-05,0.00331429979730347,"ENSG00000175084","DES"
"ENSG00000266066",10.3393399248106,3.87469097048126,0.983189199392897,3.94094134971562,8.11624707995688e-05,0.00340775232182216,"ENSG00000266066","POLRMTP1"
"ENSG00000149256",252.469140364858,-1.18984063409838,0.302824817883051,-3.92913844517818,8.52507500130926e-05,0.00355688070930688,"ENSG00000149256","TENM4"
"ENSG00000204482",137.672232655802,-1.24746532017943,0.317495973097804,-3.9290744635528,8.52734331346171e-05,0.00355688070930688,"ENSG00000204482","LST1"
"ENSG00000114790",340.913643524046,1.17622388167236,0.299617705323196,3.92574891528379,8.64603081761343e-05,0.00359460143992412,"ENSG00000114790","ARHGEF26"
"ENSG00000175899",1677.5078138188,1.02991303322831,0.262464415786977,3.92401015634901,8.70870614354736e-05,0.00360886513218924,"ENSG00000175899","A2M"
"ENSG00000197245",9.8630122295081,3.45357300545924,0.880808268568842,3.92091347084047,8.82139368506945e-05,0.00364369384615109,"ENSG00000197245","FAM110D"
"ENSG00000056558",524.787707485153,-1.52166662404218,0.388273737555179,-3.91905626587976,8.8896362262354e-05,0.00365999844887271,"ENSG00000056558","TRAF1"
"ENSG00000068001",186.324985507949,1.41416234044694,0.361301279136938,3.91408063604157,9.07493076337834e-05,0.00371404286122095,"ENSG00000068001","HYAL2"
"ENSG00000108622",184.275055956627,1.17420352777403,0.300003604958415,3.91396472697984,9.07929044049453e-05,0.00371404286122095,"ENSG00000108622","ICAM2"
"ENSG00000173376",527.783129566616,1.12221283427364,0.286797812947167,3.9129058298655,9.11921033665359e-05,0.00371841647124702,"ENSG00000173376","NDNF"
"ENSG00000144834",11.2208295582592,-3.37297476409635,0.862579060447981,-3.91033694041286,9.21674626442962e-05,0.00374618038262216,"ENSG00000144834","TAGLN3"
"ENSG00000179044",32.9010641159157,1.69861647153776,0.434759714990482,3.90702361090413,9.3440026037881e-05,0.00378580895303797,"ENSG00000179044","EXOC3L1"
"ENSG00000267107",173.86321898481,1.29116611833988,0.330609357473392,3.9054131081084,9.4064554082525e-05,0.00379316244711169,"ENSG00000267107","PCAT19"
"ENSG00000012779",440.077662231344,-1.29646352663338,0.331999256218712,-3.90501937082445,9.42178378625446e-05,0.00379316244711169,"ENSG00000012779","ALOX5"
"ENSG00000237807",19.2977015606308,-2.28156973989703,0.584781440519021,-3.90157686583218,9.55681047363985e-05,0.00383538620964184,"ENSG00000237807","LINC02984"
"ENSG00000187730",9.69729308350893,3.77681992686768,0.970831152007317,3.8902953608963,0.000100122280973527,0.00400552093882142,"ENSG00000187730","GABRD"
"ENSG00000197057",70.2944832608598,-1.74789452307455,0.449544913812562,-3.88814213968249,0.000101014467882903,0.00402854564390688,"ENSG00000197057","DTHD1"
"ENSG00000038295",109.352135656775,1.51534441687891,0.39007666997726,3.88473480602481,0.000102441645521239,0.00407269566975376,"ENSG00000038295","TLL1"
"ENSG00000129467",246.326943457005,1.42993921672674,0.368413442129989,3.88134376547045,0.000103880878685151,0.00411704840695479,"ENSG00000129467","ADCY4"
"ENSG00000176641",292.946717005919,1.18836333728667,0.306414917187738,3.8782816065008,0.000105196904423176,0.00415625782009827,"ENSG00000176641","RNF152"
"ENSG00000101307",99.388021892553,-1.20244394522178,0.310140367767484,-3.87709589008829,0.000105710703440792,0.00416362714914474,"ENSG00000101307","SIRPB1"
"ENSG00000134317",156.715296578411,-1.24158444871224,0.320368846850291,-3.87548433912624,0.000106412824081779,0.00416548907067198,"ENSG00000134317","GRHL1"
"ENSG00000171303",93.3204089275109,1.80315361477171,0.46523048907956,3.87582855616188,0.000106262487009518,0.00416548907067198,"ENSG00000171303","KCNK3"
"ENSG00000257335",38.9276251081236,-1.65552402487927,0.427898618130905,-3.8689632420659,0.000109299116569055,0.00426534773310283,"ENSG00000257335","MGAM"
"ENSG00000277639",112.634836124122,-1.620018936458,0.41924275116674,-3.86415491251676,0.00011147446217826,0.00433693610957743,"ENSG00000277639","ENSG00000277639"
"ENSG00000113361",86.1853033685622,-1.49714430564415,0.387945364455546,-3.85916276572935,0.00011377614361008,0.00441298810672999,"ENSG00000113361","CDH6"
"ENSG00000132746",17.3259211507059,-2.27815902345332,0.591029379152993,-3.85456138697904,0.000115937291726796,0.00448314354209211,"ENSG00000132746","ALDH3B2"
"ENSG00000244280",7.22602844012293,5.31606387725447,1.38017020516786,3.8517451379179,0.000117279047922509,0.00452128499293987,"ENSG00000244280","ECEL1P2"
"ENSG00000184497",127.117389044393,1.80993767247183,0.470030984916413,3.85067736075676,0.000117791591064545,0.00452732514055331,"ENSG00000184497","TMEM255B"
"ENSG00000166257",23.0209625952883,1.99422244264984,0.518424062173701,3.84670116253528,0.000119718842094975,0.00458753948533817,"ENSG00000166257","SCN3B"
"ENSG00000240583",420.557912874891,1.16757744344992,0.303799680555758,3.84324776548152,0.000121416780583046,0.00463863147921173,"ENSG00000240583","AQP1"
"ENSG00000120907",30.086361892365,2.07782938392384,0.541008062801818,3.84066250910015,0.000122702711369265,0.00466110499034286,"ENSG00000120907","ADRA1A"
"ENSG00000157388",255.900594168487,1.20011847817964,0.312482651309069,3.84059234377347,0.000122737790580479,0.00466110499034286,"ENSG00000157388","CACNA1D"
"ENSG00000224189",66.8499413020949,1.42274563712914,0.371141446649167,3.83343237456859,0.000126367552270946,0.00478466666663982,"ENSG00000224189","HAGLR"
"ENSG00000067048",214.287898347568,-4.32055109348459,1.12754351914063,-3.83182646180923,0.000127195449345088,0.00480172257141904,"ENSG00000067048","DDX3Y"
"ENSG00000250722",285.602130066636,1.37612912676729,0.359284092817613,3.83019775792263,0.000128040315620535,0.00481931625835634,"ENSG00000250722","SELENOP"
"ENSG00000103888",1446.45275782913,1.76672510932375,0.46317722748261,3.81436090657129,0.000136535811171238,0.00512391914371827,"ENSG00000103888","CEMIP"
"ENSG00000106780",530.7730174847,1.01421159175757,0.266096534157016,3.81144232100036,0.000138158295447597,0.00516955833730686,"ENSG00000106780","MEGF9"
"ENSG00000168685",455.865034720178,-1.46709549462978,0.385314961985033,-3.80752277843488,0.000140365813611854,0.0052367562485924,"ENSG00000168685","IL7R"
"ENSG00000248383",48.4997627721989,1.57337918500488,0.413726924782975,3.80294124156945,0.000142988279077643,0.00531899674393503,"ENSG00000248383","PCDHAC1"
"ENSG00000135636",1311.31400673003,1.34206912784603,0.353475462559418,3.79678158740773,0.000146586834237514,0.00542120793880811,"ENSG00000135636","DYSF"
"ENSG00000168071",147.249112317288,-1.4518431615862,0.382388092290953,-3.79677921686306,0.000146588235415028,0.00542120793880811,"ENSG00000168071","CCDC88B"
"ENSG00000171560",9.53790536497245,3.75258541078587,0.990873081367442,3.78715042456009,0.000152384854416819,0.00561924671852397,"ENSG00000171560","FGA"
"ENSG00000137642",820.818594948132,-1.03601634215707,0.273924272235195,-3.78212684003238,0.000155494089916245,0.00571732893616899,"ENSG00000137642","SORL1"
"ENSG00000103740",32.2648778562062,-2.20277415369458,0.582723987048617,-3.78013296629713,0.000156744627847601,0.00574670073624546,"ENSG00000103740","ACSBG1"
"ENSG00000108688",10.3877986629424,-3.25010140121264,0.861589751995633,-3.77221455302211,0.000161805026560544,0.00588908043573304,"ENSG00000108688","CCL7"
"ENSG00000143127",91.8470660523436,1.65870337227845,0.439690699218362,3.77243224663867,0.000161663874086596,0.00588908043573304,"ENSG00000143127","ITGA10"
"ENSG00000070190",84.0655567371671,-1.76403522008461,0.46767961131188,-3.77188822736221,0.000162016833242145,0.00588908043573304,"ENSG00000070190","DAPP1"
"ENSG00000121933",13.0031576720631,2.78536149640403,0.740191135768844,3.76303006318881,0.000167867013042193,0.00608434227898229,"ENSG00000121933","TMIGD3"
"ENSG00000136378",141.917367309775,1.44435329956222,0.383956668356312,3.76176120536045,0.000168721094677999,0.0060979254729929,"ENSG00000136378","ADAMTS7"
"ENSG00000131831",66.4610653507903,1.32461470716794,0.352292882410759,3.75998146230923,0.000169925948279333,0.00612407341079229,"ENSG00000131831","RAI2"
"ENSG00000125675",17.1319431005777,-2.25848988549369,0.601590256706829,-3.75419957407042,0.00017389627317399,0.00624945872124155,"ENSG00000125675","GRIA3"
"ENSG00000163788",867.591207193509,1.06264848001499,0.283386684647456,3.74981796105546,0.000176962986519025,0.0063417552520987,"ENSG00000163788","SNRK"
"ENSG00000259153",44.8147264770704,-1.5040502071352,0.401531611886436,-3.7457828041708,0.000179832131602787,0.00642647297261419,"ENSG00000259153","MAP3K9-DT"
"ENSG00000126353",43.2197383337158,-1.88673050268875,0.504454285113539,-3.74014169046874,0.000183916550619782,0.0065540234089212,"ENSG00000126353","CCR7"
"ENSG00000186197",29.037494398373,-1.86419295267162,0.498866415757953,-3.73685799201226,0.000186334088434276,0.00662162646106385,"ENSG00000186197","EDARADD"
"ENSG00000163235",224.817522336944,-1.09323281789992,0.292878737254517,-3.73271487083027,0.000189426984084841,0.00671278577027117,"ENSG00000163235","TGFA"
"ENSG00000227300",70.0140049661928,1.67822996560836,0.449885504138169,3.73034905586321,0.000191214673758752,0.00675731410988567,"ENSG00000227300","KRT16P2"
"ENSG00000286013",12.5468586419344,-2.72649258008514,0.732128797443513,-3.72406138046428,0.000196043228635056,0.00690875887727196,"ENSG00000286013","ENSG00000286013"
"ENSG00000006740",454.695639364733,1.00161516302521,0.269261841152041,3.71985558272864,0.000199336725629826,0.00700541940183053,"ENSG00000006740","ARHGAP44"
"ENSG00000232949",13.3512700166061,-2.52622799550833,0.679877388664932,-3.7157111526669,0.000202632963560263,0.00710164342262716,"ENSG00000232949","ENSG00000232949"
"ENSG00000089101",56.3019376698814,-1.62058908703475,0.436786807111017,-3.71025191386526,0.000207053111815711,0.00723662002340514,"ENSG00000089101","CFAP61"
"ENSG00000136014",75.8102540353438,1.65210711744259,0.445494199917214,3.70848176642839,0.000208505671436018,0.0072674223342713,"ENSG00000136014","USP44"
"ENSG00000290323",4.12324112060508,-5.50569418543242,1.48494492697468,-3.70767567565576,0.00020917030557885,0.00727066838135007,"ENSG00000290323","ENSG00000290323"
"ENSG00000116761",84.597236902362,1.22106575914865,0.329503867448929,3.70577064421832,0.000210748949296119,0.00728572862213378,"ENSG00000116761","CTH"
"ENSG00000106025",113.081447455266,1.15004879572296,0.31028979045943,3.70637008075626,0.000210251011350685,0.00728572862213378,"ENSG00000106025","TSPAN12"
"ENSG00000170703",20.1048634529904,-2.03211128076849,0.548627303486566,-3.70399225094025,0.000212232743764795,0.00731714082974449,"ENSG00000170703","TTLL6"
"ENSG00000258752",20.2321667423893,-2.54379838600372,0.687532882489977,-3.69989341715711,0.000215690033388837,0.00741623947235889,"ENSG00000258752","ENSG00000258752"
"ENSG00000135048",1106.5837676035,1.03388567339737,0.279687264263839,3.69657759039777,0.000218525492321649,0.00749348062888416,"ENSG00000135048","CEMIP2"
"ENSG00000289381",8.71885719664524,-4.67320990158898,1.2648755563651,-3.69460053052057,0.000220232748600354,0.00753172319272499,"ENSG00000289381","ENSG00000289381"
"ENSG00000176029",36.0420301008577,-1.99239592036683,0.539726067308823,-3.69149470638188,0.000222940037568039,0.00760386905614098,"ENSG00000176029","C11orf16"
"ENSG00000253755",12.838156576799,2.60129259820003,0.70537043182207,3.68783901457356,0.00022616665880137,0.00769329474136638,"ENSG00000253755","IGHGP"
"ENSG00000110400",286.645233867798,-1.40343428321253,0.380753441486032,-3.68593985056341,0.000227860167906179,0.00773023214960641,"ENSG00000110400","NECTIN1"
"ENSG00000151136",74.8015148692763,-1.49980746787746,0.407105276933247,-3.68407768913146,0.00022953223192078,0.00774564735940626,"ENSG00000151136","ABTB3"
"ENSG00000169083",187.665772624056,-1.24161866481992,0.337005612191875,-3.68426702672537,0.000229361698277851,0.00774564735940626,"ENSG00000169083","AR"
"ENSG00000165810",31.5808168408556,1.704780685457,0.463014562407307,3.68191591338618,0.000231487766586,0.0077909718690664,"ENSG00000165810","BTNL9"
"ENSG00000275367",17.3093272803573,-2.18115677099245,0.593520900933805,-3.67494517473734,0.000237900495175709,0.00798567308608276,"ENSG00000275367","ENSG00000275367"
"ENSG00000010327",952.097795433901,1.48711453485717,0.404857024320912,3.67318447136143,0.000239546420533237,0.00801976200532589,"ENSG00000010327","STAB1"
"ENSG00000173013",98.8677838492406,-1.22600186381402,0.334279359017098,-3.66759666950094,0.000244840995286119,0.00815410246604714,"ENSG00000173013","CCDC96"
"ENSG00000125538",129.182902401583,-1.30658392858371,0.35620972803663,-3.66801865795576,0.000244437350420812,0.00815410246604714,"ENSG00000125538","IL1B"
"ENSG00000124215",82.1586355624883,-1.34781256477845,0.367664028253848,-3.6658809706776,0.000246488561439088,0.0081875391086895,"ENSG00000124215","CDH26"
"ENSG00000170324",85.4060219560025,-1.70297425041548,0.465023586820519,-3.66212445708214,0.000250132279407339,0.00828693452765669,"ENSG00000170324","FRMPD2"
"ENSG00000137968",10.2167184594303,-3.22365346952516,0.880821329481606,-3.65982675671852,0.000252385823745813,0.00832822096173934,"ENSG00000137968","SLC44A5"
"ENSG00000170961",190.411927590217,-1.97703678439763,0.54024477777406,-3.65952039840811,0.000252687729227432,0.00832822096173934,"ENSG00000170961","HAS2"
"ENSG00000123095",256.482005662998,-1.00243579949549,0.274647472192888,-3.64989996627918,0.000262342454909068,0.00862408452546037,"ENSG00000123095","BHLHE41"
"ENSG00000204528",18.6302041456238,-1.97273196789447,0.540816839153738,-3.64768961517798,0.000264609021321739,0.00867617517849268,"ENSG00000204528","PSORS1C3"
"ENSG00000026559",72.0653534649154,-2.14658909682218,0.588805459883764,-3.64566778515596,0.000266698336408722,0.00869983650203015,"ENSG00000026559","KCNG1"
"ENSG00000130300",438.657880963976,1.22018819928898,0.334665528573572,3.64599307400952,0.000266361149369923,0.00869983650203015,"ENSG00000130300","PLVAP"
"ENSG00000163618",54.7881969312447,-1.56702097808795,0.430055762186427,-3.64376231147591,0.000268681557866817,0.00874211452476124,"ENSG00000163618","CADPS"
"ENSG00000187957",41.3786522212625,-1.90985149743577,0.524487045764616,-3.64137019752609,0.000271190847918076,0.00880124991636163,"ENSG00000187957","DNER"
"ENSG00000268500",46.3428136676613,-1.43687714825952,0.394846903883201,-3.63907411740667,0.000273620046284875,0.00885749167642794,"ENSG00000268500","SIGLEC5"
"ENSG00000273018",4.10475500502286,5.49532543095928,1.51135164811834,3.63603363770507,0.000276868193776869,0.00893989127215564,"ENSG00000273018","FAM106A"
"ENSG00000222041",100.37299896712,-1.44345612458632,0.397407418862994,-3.63218212864807,0.000281034652517891,0.00901343365140933,"ENSG00000222041","CYTOR"
"ENSG00000251322",865.05379998668,1.48399515093363,0.408592910483389,3.631965001982,0.000281271274926073,0.00901343365140933,"ENSG00000251322","SHANK3"
"ENSG00000133477",57.1508264343022,-1.69922220900641,0.468118596650475,-3.62989682778005,0.000283534526736823,0.00906313127926095,"ENSG00000133477","FAM83F"
"ENSG00000215187",43.1572996428624,-1.45984285536395,0.402742016305354,-3.62475926588479,0.00028923073960311,0.00922203877000191,"ENSG00000215187","FAM166B"
"ENSG00000187513",21.3358331511701,2.36850739654408,0.653646041783984,3.62353207261802,0.000290607149295492,0.00924276038334314,"ENSG00000187513","GJA4"
"ENSG00000256948",14.031914697508,-2.47390508905801,0.683010386297439,-3.62206071633685,0.000292265498707831,0.00927232337795767,"ENSG00000256948","ENSG00000256948"
"ENSG00000149564",350.911236225498,1.08621497585459,0.300126057468856,3.61919583062962,0.000295519944431616,0.00935225057974879,"ENSG00000149564","ESAM"
"ENSG00000118777",42.3601955011392,-1.91143335963354,0.529155251965945,-3.61223544986483,0.00030356874178073,0.00955940973498624,"ENSG00000118777","ABCG2"
"ENSG00000204959",36.7574720366567,-1.68845183679837,0.467946653692804,-3.60821436262861,0.000308311706553205,0.00966886106677925,"ENSG00000204959","ARHGEF34P"
"ENSG00000102466",34.7421047017922,-2.00853699164351,0.556689595560573,-3.60800167213645,0.000308564501895329,0.00966886106677925,"ENSG00000102466","FGF14"
"ENSG00000249867",15.3375535128946,-2.62249437307854,0.727044907264719,-3.60705968348621,0.000309686446598592,0.00968017438237664,"ENSG00000249867","LINC02742"
"ENSG00000174945",64.2121724800313,1.83973851434935,0.511175652857388,3.59903392124707,0.000319401529358335,0.00993502752199691,"ENSG00000174945","AMZ1"
"ENSG00000283265",7.75578223276555,-3.87854884169368,1.07873329272474,-3.59546596721508,0.000323811460213982,0.0100476326752251,"ENSG00000283265","ENSG00000283265"
"ENSG00000068078",172.384688520962,-1.20812988277004,0.336204251273834,-3.59344023221774,0.000326340531153714,0.0100944528247948,"ENSG00000068078","FGFR3"
"ENSG00000189280",10.7007363841405,-2.8355409458308,0.789326092413788,-3.59235678774993,0.000327700755906325,0.0100944528247948,"ENSG00000189280","GJB5"
"ENSG00000285492",28.0307142956432,-1.70362674701946,0.474179795594745,-3.59278645536271,0.000327160690364384,0.0100944528247948,"ENSG00000285492","ENSG00000285492"
"ENSG00000249364",13.5185918297014,2.68901383248843,0.748873492534269,3.59074511155218,0.00032973397613605,0.0101325498657073,"ENSG00000249364","LINC02997"
"ENSG00000274767",9.90151168662278,-2.92416714223706,0.81501761121031,-3.58785761438289,0.000333406268219252,0.0102207097452658,"ENSG00000274767","ENSG00000274767"
"ENSG00000135114",49.9820222579242,-1.48536328349173,0.414098226611941,-3.58698296209728,0.000334526172572714,0.01023038934488,"ENSG00000135114","OASL"
"ENSG00000196917",26.3611672078851,-1.89351628440511,0.528499847654644,-3.58281330223287,0.000339913555194008,0.0103557624863466,"ENSG00000196917","HCAR1"
"ENSG00000172594",54.2089816086692,1.83606181869616,0.512525570961194,3.58238090492304,0.000340476852678108,0.0103557624863466,"ENSG00000172594","SMPDL3A"
"ENSG00000147509",25.0520172366893,-1.69192579184994,0.472350585770208,-3.58192800606167,0.000341067794511807,0.0103557624863466,"ENSG00000147509","RGS20"
"ENSG00000166920",29.5220848162481,-1.75464287587477,0.490129179559403,-3.57996003717242,0.000343646758546793,0.0103844989601717,"ENSG00000166920","C15orf48"
"ENSG00000226752",157.280062979475,1.09561150531717,0.305989695729153,3.58055032770434,0.000342871291603877,0.0103844989601717,"ENSG00000226752","CUTALP"
"ENSG00000099953",32.5853556983367,1.56009001568333,0.436688518572459,3.57254644748455,0.000353526754069533,0.010657742571736,"ENSG00000099953","MMP11"
"ENSG00000131055",12.5001317541443,2.41076513086194,0.675188613234372,3.57050620168724,0.000356292018073767,0.0107157140754952,"ENSG00000131055","COX4I2"
"ENSG00000176887",12.3793875595544,-2.70547588987619,0.75967824498821,-3.56134443460096,0.000368960691502147,0.0110445127465654,"ENSG00000176887","SOX11"
"ENSG00000197646",97.0875398684304,-1.25705429626785,0.353559460008656,-3.55542543321304,0.000377367963383861,0.0112432675179613,"ENSG00000197646","PDCD1LG2"
"ENSG00000271736",3.78683209403665,5.37832477618451,1.51543041464256,3.54904106728852,0.000386636776195057,0.0114925071653119,"ENSG00000271736","LINC02772"
"ENSG00000139329",337.173354983943,1.46403382610159,0.413251087058519,3.54272226244447,0.000396019544732008,0.0117439642146401,"ENSG00000139329","LUM"
"ENSG00000173227",20.9539870448714,-2.10929672335693,0.595911696229909,-3.53961289349007,0.000400714339808285,0.0118280460116961,"ENSG00000173227","SYT12"
"ENSG00000183395",8.56855723808951,3.584422639693,1.01260370402936,3.5398079479957,0.000400418307662568,0.0118280460116961,"ENSG00000183395","PMCH"
"ENSG00000255471",21.4092944165969,1.99849171760221,0.566079544625178,3.53040793750193,0.000414919385440082,0.0121907723361864,"ENSG00000255471","PRSS23-AS1"
"ENSG00000128536",158.203576826298,-1.46956907392167,0.416618951944516,-3.52736971533015,0.000419710258630208,0.0123031196089712,"ENSG00000128536","CDHR3"
"ENSG00000133401",485.207942002439,1.07940639514939,0.306094133799246,3.52638706842166,0.000421270785294775,0.0123204757023451,"ENSG00000133401","PDZD2"
"ENSG00000206052",102.117166168889,-1.39380265503812,0.395474313373871,-3.52438226176387,0.000424471406596879,0.012384573035428,"ENSG00000206052","DOK6"
"ENSG00000184613",47.0910913992355,-1.70930632822428,0.485075087223117,-3.52379739394462,0.000425409402333126,0.012384573035428,"ENSG00000184613","NELL2"
"ENSG00000283526",22.5415102349142,1.82849296074765,0.518997318414014,3.52312602757809,0.000426488508027003,0.0123876410938802,"ENSG00000283526","PRRT1B"
"ENSG00000133115",28.3254704405322,-1.86848169131244,0.530741120237694,-3.52051427723489,0.000430710804637581,0.0124817832724358,"ENSG00000133115","STOML3"
"ENSG00000167183",83.1098596972034,1.18298544465267,0.336152431407025,3.51919347928281,0.000432860906362995,0.0125155828426137,"ENSG00000167183","PRR15L"
"ENSG00000205755",14.8387211900107,-2.21498063992725,0.630074286421312,-3.51542776409409,0.000439046181200011,0.0126656360934842,"ENSG00000205755","CRLF2"
"ENSG00000137975",26.1778866022114,-2.48992957387417,0.708912934551567,-3.51232069908445,0.000444211624811106,0.0127856567666219,"ENSG00000137975","CLCA2"
"ENSG00000119686",198.739420934424,-1.01071433471612,0.287834909664845,-3.51143763587605,0.000445690021458,0.0127992515868819,"ENSG00000119686","FLVCR2"
"ENSG00000112186",32.4754334432598,-1.55942951366085,0.4446866357179,-3.50680544096703,0.000453520611580529,0.0129947955417286,"ENSG00000112186","CAP2"
"ENSG00000136379",180.837585476838,1.08794385610073,0.3103786417793,3.5052149524977,0.000456238764427448,0.013043302384373,"ENSG00000136379","ABHD17C"
"ENSG00000204161",138.987408827843,-1.11426412923981,0.317963547042599,-3.50437696271682,0.000457677000669605,0.0130550825168581,"ENSG00000204161","TMEM273"
"ENSG00000137841",472.214137073029,-1.17783071117673,0.336503584142715,-3.50020257340618,0.000464904718771635,0.0132315835172545,"ENSG00000137841","PLCB2"
"ENSG00000101417",138.460826280163,1.06792429223351,0.305370088452849,3.49714766644017,0.000470261448368696,0.013324423488077,"ENSG00000101417","PXMP4"
"ENSG00000155269",17.4124878278994,2.28381702200483,0.653484764762325,3.49482825790968,0.000474366887596155,0.0133515388141555,"ENSG00000155269","GPR78"
"ENSG00000171772",23.75209699927,-1.75401201468845,0.501831281212147,-3.49522255856934,0.000473666610288249,0.0133515388141555,"ENSG00000171772","SYCE1"
"ENSG00000138347",37.265466125683,-1.78633990911784,0.511082948895665,-3.49520545143938,0.000473696972499652,0.0133515388141555,"ENSG00000138347","MYPN"
"ENSG00000185483",214.002566959122,1.06630227339091,0.305231115893604,3.49342585951362,0.00047686537823373,0.0133627342332368,"ENSG00000185483","ROR1"
"ENSG00000170271",121.764355477987,1.08131189478709,0.309483154498115,3.49392811554037,0.000475969159414841,0.0133627342332368,"ENSG00000170271","FAXDC2"
"ENSG00000197880",9.04810212953365,3.02590704489448,0.867667704223711,3.48740310393564,0.00048773562163492,0.0136373023701966,"ENSG00000197880","MDS2"
"ENSG00000160838",60.916397155231,-1.53828199365358,0.441218772951533,-3.48643822057535,0.000489498430444845,0.0136565768248231,"ENSG00000160838","LRRC71"
"ENSG00000187492",36.0887082715387,-1.72697098162174,0.496048028212079,-3.48145922048377,0.000498689710122579,0.0138522499829246,"ENSG00000187492","CDHR4"
"ENSG00000113749",78.0864178907473,1.46249887701084,0.420032865721742,3.48186772122661,0.000497929596842985,0.0138522499829246,"ENSG00000113749","HRH2"
"ENSG00000248890",25.8660369348596,1.85049780306521,0.531901774481278,3.47902167626694,0.000503247878868386,0.013906446381092,"ENSG00000248890","HHIP-AS1"
"ENSG00000183273",42.8088069081694,-1.83280013205804,0.526868984699238,-3.47866392838494,0.000503920121182474,0.013906446381092,"ENSG00000183273","CCDC60"
"ENSG00000249238",7.06821076452584,4.35461022393512,1.2517831924765,3.47872558930915,0.000503804194757005,0.013906446381092,"ENSG00000249238","BCL9P1"
"ENSG00000243836",51.8847584717289,-1.41555131018477,0.4072751501833,-3.4756633434367,0.000509591554434397,0.0140022111350203,"ENSG00000243836","WDR86-AS1"
"ENSG00000126785",171.513058504403,1.10619573298836,0.318224453052885,3.47614937311095,0.00050866888483201,0.0140022111350203,"ENSG00000126785","RHOJ"
"ENSG00000140479",322.339394648301,1.08972598932866,0.313613498576917,3.47474198104833,0.000511344935039682,0.0140201083266699,"ENSG00000140479","PCSK6"
"ENSG00000137558",250.397844551746,1.38419239899243,0.398784577661397,3.47102790962928,0.000518470108380498,0.0141848961694983,"ENSG00000137558","PI15"
"ENSG00000175063",59.006895257625,-1.27425883882158,0.368058633892004,-3.46210826613967,0.000535961507336757,0.0146319791766915,"ENSG00000175063","UBE2C"
"ENSG00000170909",80.2911807940338,-1.46532904042717,0.424210691969144,-3.45424825014488,0.000551829155745557,0.0149811366713341,"ENSG00000170909","OSCAR"
"ENSG00000126778",82.5043194583024,-1.39651720688529,0.404315752221532,-3.45402621394804,0.000552283689581488,0.0149811366713341,"ENSG00000126778","SIX1"
"ENSG00000050555",257.445869409025,1.56999286552901,0.454517583593257,3.45419610197959,0.000551935877765152,0.0149811366713341,"ENSG00000050555","LAMC3"
"ENSG00000095752",234.032205591262,-1.69287878434801,0.490566489704526,-3.45086511181726,0.00055879277324138,0.0151254503429294,"ENSG00000095752","IL11"
"ENSG00000203734",77.0023765353862,-2.10742352379243,0.61243932666681,-3.44103233092827,0.000579499285048828,0.0156526324933996,"ENSG00000203734","ECT2L"
"ENSG00000169469",18.6302944323926,-1.89603328393058,0.551716684545218,-3.43660675314448,0.000589050168726314,0.0158433324451082,"ENSG00000169469","SPRR1B"
"ENSG00000100314",8.93816242525842,-4.09567179845538,1.19160484413833,-3.4371056970795,0.000587966109933752,0.0158433324451082,"ENSG00000100314","CABP7"
"ENSG00000260293",26.315680033335,1.62829783410309,0.474470164639084,3.43182344319098,0.00059953773417031,0.0160913904095247,"ENSG00000260293","ENSG00000260293"
"ENSG00000096088",25.4440755408334,2.58425769189913,0.753691608220703,3.42879987479226,0.00060625638061007,0.0162374603665712,"ENSG00000096088","PGC"
"ENSG00000002726",27.894515249688,-1.94534272064115,0.567460105926061,-3.42815768073504,0.000607692387107383,0.0162417280436557,"ENSG00000002726","AOC1"
"ENSG00000259225",44.9565526155518,-1.95446127887711,0.570282277006181,-3.42718221779129,0.000609879671137726,0.0162660150444741,"ENSG00000259225","LINC02345"
"ENSG00000131730",44.2093828709928,1.70612686926948,0.49801335859148,3.425865671746,0.000612843385118022,0.0163108651578901,"ENSG00000131730","CKMT2"
"ENSG00000081189",330.444791318472,1.22406668959056,0.357383304552678,3.42508078580412,0.000614616634925641,0.0163239098737453,"ENSG00000081189","MEF2C"
"ENSG00000233884",3.46072962596224,-5.25320678926407,1.53472890665686,-3.42288906299893,0.00061959358662491,0.0164218116855044,"ENSG00000233884","ENSG00000233884"
"ENSG00000167080",23.0592168623702,-1.75915549499863,0.516093028925882,-3.4086015435238,0.00065296778370645,0.0171988740047898,"ENSG00000167080","B4GALNT2"
"ENSG00000283413",3.62947359045709,-5.32160574308803,1.56114737353649,-3.40877859021913,0.00065254418207402,0.0171988740047898,"ENSG00000283413","ENSG00000283413"
"ENSG00000238160",28.6727387911468,-1.79851888654412,0.527750592874892,-3.40789553024808,0.000654659534329988,0.0172078070160044,"ENSG00000238160","LINC02863"
"ENSG00000277089",32.6418603212609,-1.53194685946678,0.449752272506229,-3.4062014871655,0.000658735441958433,0.0172436878448461,"ENSG00000277089","CCL3-AS1"
"ENSG00000133958",20.6147568543255,-1.93185927648676,0.567623147483715,-3.40341877361897,0.000665481969130949,0.01738452076239,"ENSG00000133958","UNC79"
"ENSG00000205038",21.7658721880841,2.32138664845838,0.682924256021718,3.39918611469639,0.00067586707903122,0.0176196331545803,"ENSG00000205038","PKHD1L1"
"ENSG00000291031",5.27098964533306,-4.8527811038521,1.42794439770645,-3.39843842074424,0.000677717180002926,0.0176317340777039,"ENSG00000291031","BCORP1"
"ENSG00000146192",194.117492973215,-1.03164788425776,0.30380701231474,-3.3957342735361,0.000684447723584919,0.0177499538671801,"ENSG00000146192","FGD2"
"ENSG00000140067",3.46216926076812,-5.25368968890864,1.54725394669105,-3.39549283434962,0.000685051670239381,0.0177499538671801,"ENSG00000140067","FAM181A"
"ENSG00000184564",10.0378741769769,-3.19674459350795,0.942186928026888,-3.39289847737807,0.000691572642551093,0.0178824942246646,"ENSG00000184564","SLITRK6"
"ENSG00000075223",546.472475017847,-1.23970556178027,0.365709756142251,-3.38986188079177,0.000699278459917788,0.0180450721441665,"ENSG00000075223","SEMA3C"
"ENSG00000124212",494.538417693003,1.35739485485028,0.400508059078203,3.38918237494252,0.000701013697889048,0.0180532313047459,"ENSG00000124212","PTGIS"
"ENSG00000141639",34.020498361501,1.75921333273166,0.519415187136285,3.38691161964441,0.000706841543845488,0.0181665416581865,"ENSG00000141639","MAPK4"
"ENSG00000102904",50.5500171379167,-1.41309271182052,0.41742865281136,-3.3852317091877,0.000711181937253802,0.0182412431567397,"ENSG00000102904","TSNAXIP1"
"ENSG00000278971",8.23548635513202,-3.1742178129933,0.938125434677754,-3.38357504834483,0.000715486502061437,0.018314726919971,"ENSG00000278971","ENSG00000278971"
"ENSG00000171517",42.3393452330439,-1.39261771828511,0.411717016435255,-3.38246334908071,0.00071838863141696,0.0183520886925433,"ENSG00000171517","LPAR3"
"ENSG00000241635",8.89710043575148,-3.00104567664766,0.888537456083378,-3.3775117257027,0.000731448344799014,0.0186482682215091,"ENSG00000241635","UGT1A1"
"ENSG00000069812",98.6954988717425,-1.26020977675695,0.373508499211092,-3.3739788503306,0.000740900599447503,0.0188514748523423,"ENSG00000069812","HES2"
"ENSG00000118513",74.989605142338,-1.58171722867757,0.469252407760711,-3.37071734213486,0.000749727398210133,0.0190379879441703,"ENSG00000118513","MYB"
"ENSG00000130158",1135.03276937781,1.34971182133166,0.401430796913655,3.36225280100265,0.000773093111697026,0.0195922122848796,"ENSG00000130158","DOCK6"
"ENSG00000186094",26.3027501913582,-2.36313523614762,0.703158896219466,-3.36074143248847,0.000777335595985891,0.0196605635231263,"ENSG00000186094","AGBL4"
"ENSG00000111981",50.5181980842458,1.33381941668133,0.397044015259358,3.35937418880386,0.000781192123946306,0.0197189011921526,"ENSG00000111981","ULBP1"
"ENSG00000150471",68.8777359616973,1.36074065492013,0.405230325602408,3.35794378887433,0.000785245798541786,0.0197819743545517,"ENSG00000150471","ADGRL3"
"ENSG00000165891",107.686875367467,-1.26854747698641,0.377848810834471,-3.35728852549475,0.000787109292061975,0.0197897320427123,"ENSG00000165891","E2F7"
"ENSG00000229272",31.3200685489804,-1.86283145297697,0.556123727373303,-3.34967087589581,0.000809076340189626,0.0203019116368687,"ENSG00000229272","LINC03036"
"ENSG00000108950",477.841258048483,1.17834848705502,0.352016934792334,3.34741988407509,0.000815675609483627,0.0204170351759272,"ENSG00000108950","FAM20A"
"ENSG00000106278",19.748273898695,-2.5968996131929,0.775885741912878,-3.34701293361891,0.000816873990296097,0.0204170351759272,"ENSG00000106278","PTPRZ1"
"ENSG00000278095",6.76445106038134,-3.66596759368323,1.09581788211978,-3.3454168375056,0.000821589932357854,0.0204946414106992,"ENSG00000278095","ENSG00000278095"
"ENSG00000142405",23.7396574111678,-1.64399802657985,0.492007626532843,-3.34140760818087,0.000833547533223087,0.0207522342811431,"ENSG00000142405","NLRP12"
"ENSG00000165799",8.24745858385431,-3.17291771748777,0.95357478391223,-3.32739263979931,0.000876627607144873,0.0217396811268949,"ENSG00000165799","RNASE7"
"ENSG00000260220",108.209819646445,-1.41314948883483,0.424683696734853,-3.32753411468281,0.000876182604657915,0.0217396811268949,"ENSG00000260220","CCDC187"
"ENSG00000181754",122.378922030104,1.31935171305923,0.396921167995933,3.32396410027886,0.00088747619497808,0.0219658991293991,"ENSG00000181754","AMIGO1"
"ENSG00000129009",68.422932209473,1.29783708864299,0.390626471535832,3.32245043081761,0.000892305238550657,0.0220408113447594,"ENSG00000129009","ISLR"
"ENSG00000206113",33.5807751839815,-1.70576525323668,0.513698752926679,-3.32055556591968,0.000898384735081781,0.0221068676976991,"ENSG00000206113","CFAP99"
"ENSG00000187266",101.123951272788,1.43929336939029,0.433954503278084,3.31669186174562,0.000910900196977421,0.0222001385171394,"ENSG00000187266","EPOR"
"ENSG00000257550",18.7512174264022,1.82804509098627,0.550827519510518,3.31872505682128,0.000904294189728817,0.0222001385171394,"ENSG00000257550","ENSG00000257550"
"ENSG00000262294",8.23044942083193,2.87007296644943,0.865066615170597,3.31774792382137,0.000907463408510653,0.0222001385171394,"ENSG00000262294","RPH3AL-AS2"
"ENSG00000139626",111.145312812488,-1.2522598396312,0.377505831301638,-3.31719336708896,0.000909266625251314,0.0222001385171394,"ENSG00000139626","ITGB7"
"ENSG00000211946",20.5429032401602,1.99326011878378,0.602156834459028,3.31020093888746,0.000932290178044009,0.0226612544832774,"ENSG00000211946","IGHV3-20"
"ENSG00000251191",11.036884359429,-2.51234279419625,0.759045059490327,-3.30987306061013,0.000933382907501756,0.0226612544832774,"ENSG00000251191","LINC00589"
"ENSG00000184489",158.409284435411,1.24254116325717,0.376120540274462,3.3035716750552,0.000954615629710546,0.023001174320412,"ENSG00000184489","PTP4A3"
"ENSG00000164972",45.4702923252013,-1.37446829535858,0.416012065957853,-3.30391449631134,0.000953449070348723,0.023001174320412,"ENSG00000164972","C9orf24"
"ENSG00000282608",10.2095658122209,2.55447933019055,0.773715848252044,3.30157296888975,0.000961443232697438,0.02312189188351,"ENSG00000282608","ADORA3"
"ENSG00000198643",37.8198025673229,1.53239202478528,0.464358399657946,3.30002004036982,0.000966779245213341,0.023206350108687,"ENSG00000198643","FAM3D"
"ENSG00000270490",3.45785035635046,-5.25216251169025,1.59186846926897,-3.29936964836184,0.000969022193184024,0.0232163848242696,"ENSG00000270490","ENSG00000270490"
"ENSG00000258947",39.3964206000544,-1.36590561450869,0.414525685001647,-3.29510489682507,0.000983849470029187,0.0234831762808843,"ENSG00000258947","TUBB3"
"ENSG00000166106",130.365239390715,1.36382318426489,0.413880129493677,3.29521300269557,0.000983471037155709,0.0234831762808843,"ENSG00000166106","ADAMTS15"
"ENSG00000166105",8.55634831515054,-3.23659267914227,0.982454648958481,-3.29439397795455,0.000986341456680863,0.0234985693106628,"ENSG00000166105","GLB1L3"
"ENSG00000168143",28.4970820902111,-1.92823011535759,0.585684519008134,-3.29226751395628,0.00099383028674664,0.0236327269308238,"ENSG00000168143","FAM83B"
"ENSG00000048540",360.346429376135,1.05608793608932,0.321016810124703,3.28982128904423,0.00100251032325941,0.0237946573367654,"ENSG00000048540","LMO3"
"ENSG00000291034",6.10686587671271,-4.13343030527955,1.25666437379931,-3.28920783580651,0.00100469804305517,0.023802175984633,"ENSG00000291034","ENSG00000291034"
"ENSG00000084710",137.86040501975,1.3172976682036,0.400653337910311,3.28787393878766,0.0010094702974728,0.0238707827591989,"ENSG00000084710","EFR3B"
"ENSG00000275011",3.44813876469728,5.24380855320202,1.59516832672125,3.28730734265535,0.00101150373846746,0.0238744908363321,"ENSG00000275011","ALOXE3P1"
"ENSG00000138755",53.69155612643,1.76931186329456,0.538430368704702,3.28605510783313,0.001016011305924,0.023936473766602,"ENSG00000138755","CXCL9"
"ENSG00000162004",108.404140138321,-1.29664672343294,0.394670490651089,-3.28539060848927,0.00101841079389216,0.0239486545654271,"ENSG00000162004","CCDC78"
"ENSG00000134532",224.58627617871,-1.04711882685279,0.319214235566,-3.28030115886322,0.00103696331385106,0.0243399396288067,"ENSG00000134532","SOX5"
"ENSG00000172771",70.1039487010994,-1.40357181667977,0.428307572723997,-3.27701844670449,0.00104909515154232,0.0245341700697085,"ENSG00000172771","EFCAB12"
"ENSG00000140545",249.359782714059,1.07696780794245,0.329024407855024,3.27321554945852,0.00106331355752331,0.0248210551904798,"ENSG00000140545","MFGE8"
"ENSG00000120471",8.07791093796926,-2.84396718873861,0.869905487608232,-3.26928296148352,0.00107820418607494,0.0251225524821343,"ENSG00000120471","TP53AIP1"
"ENSG00000169314",15.8125039346547,-1.93001122601638,0.590558462270826,-3.26811204871244,0.00108267493697243,0.0251806042928029,"ENSG00000169314","C22orf15"
"ENSG00000135423",67.9958746122311,1.18186749913433,0.361958104867197,3.26520523574947,0.00109384788238643,0.025394037882701,"ENSG00000135423","GLS2"
"ENSG00000147573",16.3026727132899,-2.07511159875966,0.637141488483466,-3.25690860863397,0.00112632690731978,0.0261004206100587,"ENSG00000147573","TRIM55"
"ENSG00000259803",92.07104891324,1.8823984626116,0.578617269339511,3.25327044725152,0.00114084860235076,0.0263888653074662,"ENSG00000259803","SLC22A31"
"ENSG00000155886",16.4531101209332,2.28523542024033,0.702697783579571,3.252088555907,0.00114560323056032,0.0264507519041532,"ENSG00000155886","SLC24A2"
"ENSG00000283632",37.1979414712585,1.62905094491014,0.501305016471666,3.24962027385222,0.00115559200120094,0.0266330460856493,"ENSG00000283632","EXOC3L2"
"ENSG00000206120",21.9156983818978,-1.66210162296758,0.513276342559337,-3.23821981484649,0.00120278098578641,0.0276704877055602,"ENSG00000206120","EGFEM1P"
"ENSG00000286508",11.8184012700059,2.62300160723436,0.810227941193358,3.23736256660197,0.00120640032178751,0.0277036550429255,"ENSG00000286508","ENSG00000286508"
"ENSG00000173930",67.8510547152943,1.29774959670862,0.401188219890007,3.23476496160435,0.00121742903443226,0.0279065444613464,"ENSG00000173930","SLCO4C1"
"ENSG00000261455",12.663918288885,2.16448686724324,0.669353249001273,3.23369890334114,0.00122198211593908,0.0279605332355701,"ENSG00000261455","LINC01003"
"ENSG00000124237",117.619400820694,-1.05907597874265,0.327828379350783,-3.23058052765292,0.00123539098605875,0.0282165962740384,"ENSG00000124237","C20orf85"
"ENSG00000289474",6.1106468526097,-4.13314152591493,1.2796530954956,-3.22989217973502,0.00123836909878928,0.0282339277326116,"ENSG00000289474","ENSG00000289474"
"ENSG00000226321",71.1281354415156,-1.60947948027327,0.498468738621647,-3.22884737912303,0.0012429020619016,0.0282865832406301,"ENSG00000226321","CROCC2"
"ENSG00000110427",31.7881898507071,-1.76358892854924,0.546462019787884,-3.2272854556915,0.00124970719038755,0.0283906694216258,"ENSG00000110427","KIAA1549L"
"ENSG00000161640",25.0577897072178,-1.53922959222693,0.477417290238234,-3.22407592623812,0.00126379886741992,0.0286596242269451,"ENSG00000161640","SIGLEC11"
"ENSG00000185668",10.2410158194877,-2.76353112870863,0.857651041137957,-3.22220926245469,0.00127206191901793,0.028795679241541,"ENSG00000185668","POU3F1"
"ENSG00000206199",20.2422762846531,-2.45093263192022,0.761838001030143,-3.21713097614731,0.00129479474630434,0.0292582216029908,"ENSG00000206199","ANKUB1"
"ENSG00000119147",11.6903414759377,-2.30144914375418,0.715560717719228,-3.21628771222909,0.00129860569973104,0.0292923079999615,"ENSG00000119147","ECRG4"
"ENSG00000166450",100.992155996853,1.36895563589913,0.426308029178552,3.21118895775187,0.00132186984341497,0.0297642976069473,"ENSG00000166450","PRTG"
"ENSG00000170899",89.4256103852788,1.04460491676585,0.325630611608352,3.20794446076905,0.00133687312726648,0.0299959434304834,"ENSG00000170899","GSTA4"
"ENSG00000244731",47.9986068374637,1.49961107078418,0.467440370120435,3.20813341474509,0.00133599507115536,0.0299959434304834,"ENSG00000244731","C4A"
"ENSG00000228863",10.7214813117877,-2.29945857633452,0.717011904653996,-3.20700194991066,0.00134126086709795,0.0300414097732749,"ENSG00000228863","ENSG00000228863"
"ENSG00000160188",174.163637336025,-1.17956796543658,0.368186854786611,-3.20372101855786,0.00135663865762438,0.0303324376138794,"ENSG00000160188","RSPH1"
"ENSG00000101144",32.4985905703139,-1.44741038259499,0.452110694061939,-3.20145132952041,0.00136737172780601,0.0304120683936156,"ENSG00000101144","BMP7"
"ENSG00000215241",38.2252404819931,-1.33551587169366,0.417047414931654,-3.20231183284644,0.00136329333258149,0.0304120683936156,"ENSG00000215241","LINC02449"
"ENSG00000272321",5.60225075127472,4.93865368322978,1.5425021057979,3.20171600717209,0.00136611607907214,0.0304120683936156,"ENSG00000272321","ENSG00000272321"
"ENSG00000111341",142.55998912302,1.06993088325158,0.334447669277847,3.19909803994692,0.00137858279236637,0.0306079062556457,"ENSG00000111341","MGP"
"ENSG00000228668",6.24962270516501,3.54045077567149,1.10864258994229,3.19350059955371,0.00140559045718382,0.0311531738611368,"ENSG00000228668","TRGV5P"
"ENSG00000170962",13.0263949767541,-2.09616974570419,0.656914458630733,-3.19093257602127,0.00141814370760158,0.0313767378227953,"ENSG00000170962","PDGFD"
"ENSG00000222046",21.4201062752808,-1.86685648146718,0.585791122181995,-3.18689787327843,0.00143807543133692,0.0317624924261602,"ENSG00000222046","DCDC2B"
"ENSG00000198873",343.949320321957,1.0175934154328,0.319583445029755,3.18412430699611,0.00145192647195,0.0320128398200137,"ENSG00000198873","GRK5"
"ENSG00000072832",85.5343886176478,1.39050906088506,0.437704264898247,3.17682319409958,0.00148897780465491,0.0327163655109151,"ENSG00000072832","CRMP1"
"ENSG00000175352",152.223919073287,-1.08074283058016,0.340163241816177,-3.17712997092199,0.00148740361741569,0.0327163655109151,"ENSG00000175352","NRIP3"
"ENSG00000109667",93.9581098618064,-1.03967351905259,0.327547991812947,-3.17411049690184,0.00150296462222511,0.0329667515930136,"ENSG00000109667","SLC2A9"
"ENSG00000189367",9.23210227831703,3.06012296146201,0.964249189409814,3.17358105671316,0.00150570852271993,0.0329700926437916,"ENSG00000189367","KIAA0408"
"ENSG00000104213",19.0755011810946,1.78507114984296,0.562610929541441,3.17283411343945,0.00150958751311626,0.0329982342643729,"ENSG00000104213","PDGFRL"
"ENSG00000104313",32.1012826255833,-1.61556313299297,0.50946287476546,-3.17111062064477,0.00151857302622205,0.0330244205805076,"ENSG00000104313","EYA1"
"ENSG00000167210",27.6473784367791,1.67654992491593,0.528640329430536,3.17143780294241,0.00151686346605488,0.0330244205805076,"ENSG00000167210","LOXHD1"
"ENSG00000211965",12.9813008053289,2.20965301751368,0.696785076132823,3.17121174548875,0.00151804444940803,0.0330244205805076,"ENSG00000211965","IGHV3-49"
"ENSG00000223829",3.1358701769479,-5.11060846737236,1.61813302918064,-3.15833641314408,0.00158672334615818,0.0342721467059837,"ENSG00000223829","ENSG00000223829"
"ENSG00000130487",59.3725934400963,-1.72610409069419,0.546821752092578,-3.15661197472253,0.00159613590495508,0.0344170186149805,"ENSG00000130487","KLHDC7B"
"ENSG00000092850",52.2210276604316,-1.25123783458487,0.396862063182944,-3.15282802430042,0.00161697037187323,0.0348072708476671,"ENSG00000092850","TEKT2"
"ENSG00000227496",2.96461318662752,-5.03011993838093,1.59614357410618,-3.15142072429024,0.00162478262652871,0.0349163590788823,"ENSG00000227496","ENSG00000227496"
"ENSG00000255052",9.54963556030405,2.44251079891019,0.775175742469071,3.15091232232108,0.00162761341681926,0.0349182089186755,"ENSG00000255052","FAM66D"
"ENSG00000012817",248.422598453957,-4.69706487701567,1.49132649469804,-3.14958856676567,0.00163500541775474,0.0350177422974339,"ENSG00000012817","KDM5D"
"ENSG00000046889",210.093487642109,1.5133682847862,0.480977009147235,3.14644620429859,0.00165267661001043,0.0352774359606588,"ENSG00000046889","PREX2"
"ENSG00000253659",3.13930514732381,-5.11193982482725,1.62459714712285,-3.1465891922071,0.00165186871089626,0.0352774359606588,"ENSG00000253659","ENSG00000253659"
"ENSG00000177303",310.96971095131,1.28448103271842,0.408430200949741,3.14492177545038,0.00166131244771622,0.0354023734670784,"ENSG00000177303","CASKIN2"
"ENSG00000183878",200.543475408976,-4.60710359641161,1.46551145530059,-3.14368310104177,0.0016683600493515,0.0354931045950666,"ENSG00000183878","UTY"
"ENSG00000285219",42.3396627726728,1.38684998135368,0.441567809668761,3.14074067671286,0.00168521177718044,0.0357917599821195,"ENSG00000285219","HULC"
"ENSG00000091106",101.177400616898,-1.07413225205658,0.342468421050816,-3.1364417447914,0.00171011407171194,0.0361396531898991,"ENSG00000091106","NLRC4"
"ENSG00000151023",34.2430868700042,-1.65972805106157,0.529395220214672,-3.13513984955993,0.00171772202101437,0.0362402314284326,"ENSG00000151023","ENKUR"
"ENSG00000236790",45.9307363694789,-1.39313801072139,0.44539849729351,-3.12784623025644,0.00176092282103187,0.0370288597176321,"ENSG00000236790","LINC00299"
"ENSG00000167858",94.3280589723275,-1.38178633645423,0.44292140370385,-3.11971000926867,0.00181029164011413,0.0380041753226599,"ENSG00000167858","TEKT1"
"ENSG00000176153",15.9841929758893,-1.77321090799583,0.569212450626565,-3.11520049507693,0.0018381991861295,0.0384631086281899,"ENSG00000176153","GPX2"
"ENSG00000198520",38.2040782161989,-1.42525245432551,0.457782947848714,-3.11338039353208,0.00184957460666963,0.0385742428623788,"ENSG00000198520","ARMH1"
"ENSG00000067606",561.099884553824,1.13328812757009,0.363972119639054,3.11366741137744,0.00184777649413227,0.0385742428623788,"ENSG00000067606","PRKCZ"
"ENSG00000162571",47.4387765640369,-1.51193748905027,0.486174288458113,-3.10986723268591,0.00187171454567514,0.0389430659559651,"ENSG00000162571","TTLL10"
"ENSG00000269855",27.4323642171149,1.85446564391402,0.596459597887475,3.10912197654648,0.00187644233854792,0.0389430659559651,"ENSG00000269855","RNF225"
"ENSG00000047936",439.627504071278,1.09386179123586,0.352409643754095,3.10394965240832,0.00190955823149126,0.0395657977541235,"ENSG00000047936","ROS1"
"ENSG00000285722",3.304980385229,-5.18616747133883,1.67467585529243,-3.09681867983534,0.00195609481828947,0.0403162543829146,"ENSG00000285722","ENSG00000285722"
"ENSG00000174370",55.0199712285418,-1.19026803247568,0.384336596657935,-3.09694169856802,0.00195528325114839,0.0403162543829146,"ENSG00000174370","KCNJ5-AS1"
"ENSG00000186868",43.7447463724352,1.44971209846138,0.468038984453034,3.09741740884163,0.00195214784996694,0.0403162543829146,"ENSG00000186868","MAPT"
"ENSG00000137809",167.161632666734,1.0562196726527,0.341105388058878,3.09646141523389,0.00195845348283613,0.0403162543829146,"ENSG00000137809","ITGA11"
"ENSG00000122585",2.79693276208303,4.94136203880391,1.59713017798742,3.09390061430723,0.00197543649542851,0.0405346824110346,"ENSG00000122585","NPY"
"ENSG00000164626",255.417166007789,1.23143425533938,0.398126585889154,3.09307215088177,0.00198095966881071,0.0405825586257807,"ENSG00000164626","KCNK5"
"ENSG00000004838",88.0890515936052,-1.14412876893322,0.370002774090572,-3.09221673201064,0.0019866774186577,0.0406342606433493,"ENSG00000004838","ZMYND10"
"ENSG00000101282",48.1139568473237,1.77486905525974,0.57455739363029,3.08910663222936,0.00200759368951799,0.040996158776963,"ENSG00000101282","RSPO4"
"ENSG00000186185",76.6709757280408,-1.19220968503558,0.386446367820635,-3.08505858590172,0.00203512061431953,0.041436383226548,"ENSG00000186185","KIF18B"
"ENSG00000214401",13.0013733557669,2.08937279030512,0.67727295319011,3.08497892978554,0.00203566573782365,0.041436383226548,"ENSG00000214401","KANSL1-AS1"
"ENSG00000140465",58.3435478947757,1.52906928446299,0.495726290601947,3.08450310877457,0.00203892479161704,0.0414364236404983,"ENSG00000140465","CYP1A1"
"ENSG00000149090",59.8946121623607,1.09134145563544,0.354198269091428,3.08115976522105,0.00206195978296297,0.0417833764336064,"ENSG00000149090","PAMR1"
"ENSG00000170549",58.8925651055978,1.2616336703192,0.40947876315575,3.08107228955199,0.00206256566579978,0.0417833764336064,"ENSG00000170549","IRX1"
"ENSG00000144354",46.9993928595164,-1.36182762173165,0.442100808890084,-3.08035541746821,0.00206753709480741,0.0418174990781238,"ENSG00000144354","CDCA7"
"ENSG00000153820",9.59671495230963,-3.12365845802838,1.01438022412435,-3.0793763361513,0.00207434467535033,0.0418885919996934,"ENSG00000153820","SPHKAP"
"ENSG00000160856",37.7419448915936,-1.30794687465506,0.42486401080951,-3.07850710198536,0.00208040570936225,0.0419444079786157,"ENSG00000160856","FCRL3"
"ENSG00000105711",75.3906214489941,1.14748085853066,0.373706959996371,3.07053649346483,0.00213674572276066,0.0430121504508879,"ENSG00000105711","SCN1B"
"ENSG00000258667",54.699534821979,-1.19608601841562,0.390070785731724,-3.06633068193486,0.00216703503909455,0.0434157791611983,"ENSG00000258667","HIF1A-AS3"
"ENSG00000041353",340.417294606864,1.32688675833036,0.4328132768693,3.06572563560948,0.00217142468895858,0.0434353221586967,"ENSG00000041353","RAB27B"
"ENSG00000021645",77.1771148087937,1.0283385825498,0.335765025371487,3.0626733127194,0.00219369402971112,0.043811892379882,"ENSG00000021645","NRXN3"
"ENSG00000179855",90.1427968873456,1.25760460996736,0.411256254875765,3.0579586208294,0.00222850345992553,0.0443677950190495,"ENSG00000179855","GIPC3"
"ENSG00000185909",183.426328520664,1.10868324646871,0.362686636096776,3.05686269116595,0.00223666707745293,0.0444607477489941,"ENSG00000185909","KLHDC8B"
"ENSG00000002746",12.028648903435,-2.07832923526548,0.680473357337921,-3.05424042374871,0.00225631178615109,0.0447812769788053,"ENSG00000002746","HECW1"
"ENSG00000238045",127.820043662259,1.02745892849029,0.337297817877799,3.04614757057968,0.00231794039693762,0.0456483556189479,"ENSG00000238045","MVP-DT"
"ENSG00000157554",364.850636878987,1.18641643017153,0.389423816069743,3.04659443314338,0.00231449764318947,0.0456483556189479,"ENSG00000157554","ERG"
"ENSG00000133488",48.1639605494887,1.45460525307841,0.478184110625909,3.04193556572684,0.00235062206296916,0.0462204233154462,"ENSG00000133488","SEC14L4"
"ENSG00000291175",35.7271040779023,-1.39278537037653,0.458034136805484,-3.04078944877423,0.0023595877173174,0.0462537364248259,"ENSG00000291175","ENSG00000291175"
"ENSG00000158113",41.333576003285,-1.43395252159253,0.471771282890771,-3.03950785814263,0.0023696502064247,0.0463795229632847,"ENSG00000158113","LRRC43"
"ENSG00000288705",5.59596150519379,-4.00039790603022,1.31676449727988,-3.03805115819425,0.00238113527460712,0.046532723446316,"ENSG00000288705","UGT1A5"
"ENSG00000261308",26.9291038351371,1.87302901241616,0.617227700370743,3.03458352775014,0.00240868046745979,0.0468561043733561,"ENSG00000261308","FIGNL2"
"ENSG00000286280",7.73111198645977,-3.0711499148447,1.01216558735794,-3.0342366438888,0.00241145193349401,0.0468561043733561,"ENSG00000286280","ENSG00000286280"
"ENSG00000186487",6.61731503838419,-3.6329721426783,1.19741030204959,-3.03402445799889,0.00241314865403142,0.0468561043733561,"ENSG00000186487","MYT1L"
"ENSG00000162078",9.56432769640486,-2.26859522619413,0.747392524130672,-3.03534642500317,0.00240259547186223,0.0468561043733561,"ENSG00000162078","ZG16B"
"ENSG00000166246",26.7089183169359,-1.47404978273293,0.485898808323493,-3.03365589189007,0.00241609844905845,0.0468561043733561,"ENSG00000166246","DNAAF8"
"ENSG00000167208",100.401769362515,-1.03782326864205,0.342279844401424,-3.03208992763505,0.0024286683795425,0.04702818740417,"ENSG00000167208","SNX20"
"ENSG00000163216",8.40800498856366,-2.4310131077472,0.802016978190411,-3.03112424531497,0.00243644967722213,0.0471071623003342,"ENSG00000163216","SPRR2D"
"ENSG00000179362",23.2485408280614,-1.54854809081063,0.51161088589883,-3.02680832932248,0.00247150619206533,0.047712445789765,"ENSG00000179362","HMGN2P46"
"ENSG00000186193",81.0961375957802,-1.14071879299734,0.377616099052831,-3.02084258552162,0.00252072370656783,0.0485888590832665,"ENSG00000186193","SAPCD2"
"ENSG00000144712",69.2014437532693,1.30301861347788,0.43166156371546,3.01861162310201,0.00253935835726746,0.0488232901754273,"ENSG00000144712","CAND2"
"ENSG00000253821",5.936266793855,-3.46337456404088,1.14913110682407,-3.01390724128323,0.00257906646090466,0.0494885120899383,"ENSG00000253821","ENSG00000253821"
"ENSG00000088836",60.9653416818968,-1.44134653607948,0.478769370061313,-3.0105237014116,0.00260797593067978,0.049967876189922,"ENSG00000088836","SLC4A11"
